/*  PROJECT NAME:   b3_dm_assg
 *  FILE NAME:      data.sql
 *
 *  2024 Keitaro Kamo (@nekoyade)
 *
 */

PRAGMA foreign_keys = true;


/* Tables */

INSERT INTO persons VALUES ('PS000001', '零零 零零', '1982-09-25', 'A 県 X 市 XC 地区');
INSERT INTO persons VALUES ('PS000002', '零零 零一', '1977-03-13', 'A 県 X 市 XA 地区');
INSERT INTO persons VALUES ('PS000003', '零零 零二', '1984-03-24', 'A 県 X 市 XD 地区');
INSERT INTO persons VALUES ('PS000004', '零零 零三', '2003-12-20', 'B 都 X 区 XC');
INSERT INTO persons VALUES ('PS000005', '零零 零四', '1967-07-11', 'A 県 Y 町 YC 郡');
INSERT INTO persons VALUES ('PS000006', '零零 零五', '1986-10-29', 'A 県 Z 市 ZB 区');
INSERT INTO persons VALUES ('PS000007', '零零 零六', '2004-01-20', 'C 県 X 市 XB 地区');
INSERT INTO persons VALUES ('PS000008', '零零 零七', '1998-04-06', 'B 都 X 区 XC');
INSERT INTO persons VALUES ('PS000009', '零零 零八', '1949-11-19', 'C 県 X 市 XA 地区');
INSERT INTO persons VALUES ('PS000010', '零零 零九', '1964-12-29', 'B 都 X 区 XC');
INSERT INTO persons VALUES ('PS000011', '零零 一零', '2002-07-17', 'A 県 Y 町 YC 郡');
INSERT INTO persons VALUES ('PS000012', '零零 一一', '1985-06-09', 'A 県 X 市 XA 地区');
INSERT INTO persons VALUES ('PS000013', '零零 一二', '1982-10-15', 'A 県 Y 町 YB 郡');
INSERT INTO persons VALUES ('PS000014', '零零 一三', '1980-10-02', 'B 都 X 区 XA');
INSERT INTO persons VALUES ('PS000015', '零零 一四', '1983-10-09', 'A 県 Y 町 YA 郡');
INSERT INTO persons VALUES ('PS000016', '零零 一五', '1945-02-18', 'C 県 X 市 XA 地区');
INSERT INTO persons VALUES ('PS000017', '零零 一六', '2008-11-06', 'A 県 Y 町 YA 郡');
INSERT INTO persons VALUES ('PS000018', '零零 一七', '2013-09-26', 'B 都 X 区 XA');
INSERT INTO persons VALUES ('PS000019', '零零 一八', '2006-05-27', 'A 県 Z 市 ZB 区');
INSERT INTO persons VALUES ('PS000020', '零零 一九', '2010-04-24', 'A 県 Y 町 YB 郡');
INSERT INTO persons VALUES ('PS000021', '零零 二零', '1946-05-28', 'A 県 Y 町 YA 郡');
INSERT INTO persons VALUES ('PS000022', '零零 二一', '1988-02-17', 'A 県 X 市 XA 地区');
INSERT INTO persons VALUES ('PS000023', '零零 二二', '2003-07-31', 'A 県 X 市 XB 地区');
INSERT INTO persons VALUES ('PS000024', '零零 二三', '1972-04-27', 'A 県 Z 市 ZA 区');
INSERT INTO persons VALUES ('PS000025', '零零 二四', '1978-08-18', 'A 県 X 市 XB 地区');
INSERT INTO persons VALUES ('PS000026', '零零 二五', '1957-03-17', 'C 県 X 市 XB 地区');
INSERT INTO persons VALUES ('PS000027', '零零 二六', '1985-08-27', 'B 都 X 区 XC');
INSERT INTO persons VALUES ('PS000028', '零零 二七', '1997-04-06', 'A 県 X 市本町');
INSERT INTO persons VALUES ('PS000029', '零零 二八', '1967-05-26', 'C 県 X 市 XB 地区');
INSERT INTO persons VALUES ('PS000030', '零零 二九', '1955-05-02', 'A 県 Y 町 YB 郡');
INSERT INTO persons VALUES ('PS000031', '零零 三零', '1960-01-02', 'C 県 X 市 XB 地区');
INSERT INTO persons VALUES ('PS000032', '零零 三一', '1948-12-24', 'B 都 X 区 XC');
INSERT INTO persons VALUES ('PS000033', '零零 三二', '1981-06-12', 'A 県 Y 町 YC 郡');
INSERT INTO persons VALUES ('PS000034', '零零 三三', '1997-07-22', 'A 県 X 市 XB 地区');
INSERT INTO persons VALUES ('PS000035', '零零 三四', '1960-04-22', 'B 都 Y 区 YA');
INSERT INTO persons VALUES ('PS000036', '零零 三五', '2001-07-03', 'A 県 X 市 XD 地区');
INSERT INTO persons VALUES ('PS000037', '零零 三六', '2011-01-11', 'B 都 X 区 XA');
INSERT INTO persons VALUES ('PS000038', '零零 三七', '2011-05-26', 'C 県 X 市 XA 地区');
INSERT INTO persons VALUES ('PS000039', '零零 三八', '2015-03-28', 'C 県 X 市 XB 地区');
INSERT INTO persons VALUES ('PS000040', '零零 三九', '2009-07-15', 'A 県 Z 市 ZB 区');
INSERT INTO persons VALUES ('PS000041', '零零 四零', '2007-07-10', 'C 県 X 市 XA 地区');
INSERT INTO persons VALUES ('PS000042', '零零 四一', '1966-04-08', 'A 県 Y 町 YA 郡');
INSERT INTO persons VALUES ('PS000043', '零零 四二', '1985-08-09', 'A 県 X 市 XC 地区');
INSERT INTO persons VALUES ('PS000044', '零零 四三', '2003-01-14', 'A 県 X 市 XC 地区');
INSERT INTO persons VALUES ('PS000045', '零零 四四', '2002-09-14', 'A 県 X 市本町');
INSERT INTO persons VALUES ('PS000046', '零零 四五', '1954-03-06', 'A 県 X 市本町');
INSERT INTO persons VALUES ('PS000047', '零零 四六', '1953-08-22', 'A 県 X 市 XB 地区');
INSERT INTO persons VALUES ('PS000048', '零零 四七', '1954-09-29', 'A 県 X 市 XB 地区');
INSERT INTO persons VALUES ('PS000049', '零零 四八', '1980-11-03', 'C 県 X 市 XA 地区');
INSERT INTO persons VALUES ('PS000050', '零零 四九', '1997-12-19', 'B 都 Y 区 YA');
INSERT INTO persons VALUES ('PS000051', '零零 五零', '2000-05-29', 'A 県 Z 市 ZA 区');
INSERT INTO persons VALUES ('PS000052', '零零 五一', '1944-07-04', 'A 県 Y 町 YA 郡');
INSERT INTO persons VALUES ('PS000053', '零零 五二', '1976-08-01', 'A 県 Y 町 YC 郡');
INSERT INTO persons VALUES ('PS000054', '零零 五三', '1978-10-27', 'B 都 X 区 XB');
INSERT INTO persons VALUES ('PS000055', '零零 五四', '2001-10-09', 'B 都 X 区 XB');
INSERT INTO persons VALUES ('PS000056', '零零 五五', '1955-12-30', 'A 県 X 市本町');
INSERT INTO persons VALUES ('PS000057', '零零 五六', '2015-04-05', 'A 県 X 市 XB 地区');
INSERT INTO persons VALUES ('PS000058', '零零 五七', '2018-07-15', 'A 県 X 市 XC 地区');
INSERT INTO persons VALUES ('PS000059', '零零 五八', '2013-05-14', 'B 都 X 区 XC');
INSERT INTO persons VALUES ('PS000060', '零零 五九', '1973-05-07', 'B 都 Y 区 YA');
INSERT INTO persons VALUES ('PS000061', '零零 六零', '1944-04-09', 'A 県 Y 町 YB 郡');
INSERT INTO persons VALUES ('PS000062', '零零 六一', '1961-09-20', 'A 県 Y 町 YB 郡');
INSERT INTO persons VALUES ('PS000063', '零零 六二', '1995-07-17', 'A 県 Z 市 ZA 区');
INSERT INTO persons VALUES ('PS000064', '零零 六三', '1958-03-21', 'B 都 X 区 XC');
INSERT INTO persons VALUES ('PS000065', '零零 六四', '1982-09-28', 'A 県 X 市 XA 地区');
INSERT INTO persons VALUES ('PS000066', '零零 六五', '1973-09-30', 'B 都 X 区 XB');
INSERT INTO persons VALUES ('PS000067', '零零 六六', '1980-09-12', 'B 都 X 区 XC');
INSERT INTO persons VALUES ('PS000068', '零零 六七', '1944-04-06', 'A 県 Z 市 ZA 区');
INSERT INTO persons VALUES ('PS000069', '零零 六八', '1980-02-17', 'A 県 Y 町 YB 郡');
INSERT INTO persons VALUES ('PS000070', '零零 六九', '2002-08-10', 'A 県 X 市 XC 地区');
INSERT INTO persons VALUES ('PS000071', '零零 七零', '1987-02-15', 'B 都 X 区 XC');
INSERT INTO persons VALUES ('PS000072', '零零 七一', '1971-12-23', 'A 県 Z 市 ZB 区');
INSERT INTO persons VALUES ('PS000073', '零零 七二', '1962-06-06', 'A 県 X 市 XD 地区');
INSERT INTO persons VALUES ('PS000074', '零零 七三', '1978-07-06', 'A 県 Y 町 YA 郡');
INSERT INTO persons VALUES ('PS000075', '零零 七四', '2014-11-26', 'B 都 X 区 XB');
INSERT INTO persons VALUES ('PS000076', '零零 七五', '2017-02-10', 'A 県 Z 市 ZA 区');
INSERT INTO persons VALUES ('PS000077', '零零 七六', '2014-03-25', 'A 県 Z 市 ZA 区');
INSERT INTO persons VALUES ('PS000078', '零零 七七', '2017-03-30', 'A 県 X 市 XA 地区');
INSERT INTO persons VALUES ('PS000079', '零零 七八', '1986-08-04', 'A 県 Y 町 YA 郡');
INSERT INTO persons VALUES ('PS000080', '零零 七九', '1953-06-07', 'A 県 X 市本町');
INSERT INTO persons VALUES ('PS000081', '零零 八零', '1958-01-11', 'A 県 Z 市 ZB 区');
INSERT INTO persons VALUES ('PS000082', '零零 八一', '1956-09-15', 'A 県 X 市 XB 地区');
INSERT INTO persons VALUES ('PS000083', '零零 八二', '1977-08-24', 'C 県 X 市 XA 地区');
INSERT INTO persons VALUES ('PS000084', '零零 八三', '1971-03-14', 'A 県 Y 町 YC 郡');
INSERT INTO persons VALUES ('PS000085', '零零 八四', '1963-04-20', 'C 県 X 市 XA 地区');
INSERT INTO persons VALUES ('PS000086', '零零 八五', '2005-11-21', 'A 県 Y 町 YB 郡');
INSERT INTO persons VALUES ('PS000087', '零零 八六', '1963-07-18', 'A 県 Y 町 YB 郡');
INSERT INTO persons VALUES ('PS000088', '零零 八七', '1970-05-09', 'A 県 X 市本町');
INSERT INTO persons VALUES ('PS000089', '零零 八八', '1988-05-18', 'A 県 Z 市 ZB 区');
INSERT INTO persons VALUES ('PS000090', '零零 八九', '1962-08-14', 'A 県 X 市 XD 地区');
INSERT INTO persons VALUES ('PS000091', '零零 九零', '1990-09-25', 'A 県 Y 町 YB 郡');
INSERT INTO persons VALUES ('PS000092', '零零 九一', '1948-02-04', 'A 県 Y 町 YA 郡');
INSERT INTO persons VALUES ('PS000093', '零零 九二', '1992-06-05', 'B 都 Y 区 YA');
INSERT INTO persons VALUES ('PS000094', '零零 九三', '2013-04-14', 'A 県 X 市 XB 地区');
INSERT INTO persons VALUES ('PS000095', '零零 九四', '1952-08-13', 'A 県 X 市 XB 地区');
INSERT INTO persons VALUES ('PS000096', '零零 九五', '1962-05-16', 'A 県 X 市 XC 地区');
INSERT INTO persons VALUES ('PS000097', '零零 九六', '1970-02-23', 'A 県 X 市 XB 地区');
INSERT INTO persons VALUES ('PS000098', '零零 九七', '2002-03-29', 'A 県 Z 市 ZB 区');
INSERT INTO persons VALUES ('PS000099', '零零 九八', '1997-04-29', 'B 都 X 区 XC');
INSERT INTO persons VALUES ('PS000100', '零零 九九', '1991-09-21', 'A 県 X 市 XA 地区');
INSERT INTO persons VALUES ('PS000101', '零一 零零', '1966-01-23', 'A 県 X 市 XD 地区');
INSERT INTO persons VALUES ('PS000102', '零一 零一', '1964-06-12', 'B 都 X 区 XA');
INSERT INTO persons VALUES ('PS000103', '零一 零二', '1979-05-24', 'A 県 X 市 XA 地区');
INSERT INTO persons VALUES ('PS000104', '零一 零三', '1976-08-22', 'C 県 X 市 XA 地区');
INSERT INTO persons VALUES ('PS000105', '零一 零四', '1979-08-21', 'C 県 X 市 XB 地区');
INSERT INTO persons VALUES ('PS000106', '零一 零五', '1984-09-16', 'B 都 X 区 XA');
INSERT INTO persons VALUES ('PS000107', '零一 零六', '2005-09-15', 'A 県 X 市 XD 地区');
INSERT INTO persons VALUES ('PS000108', '零一 零七', '1957-11-27', 'A 県 Z 市 ZA 区');
INSERT INTO persons VALUES ('PS000109', '零一 零八', '2001-01-16', 'A 県 Y 町 YA 郡');
INSERT INTO persons VALUES ('PS000110', '零一 零九', '2013-09-10', 'B 都 X 区 XB');
INSERT INTO persons VALUES ('PS000111', '零一 一零', '2010-05-14', 'B 都 Y 区 YA');
INSERT INTO persons VALUES ('PS000112', '零一 一一', '2016-06-23', 'B 都 Y 区 YA');
INSERT INTO persons VALUES ('PS000113', '零一 一二', '2017-11-03', 'A 県 X 市 XA 地区');
INSERT INTO persons VALUES ('PS000114', '零一 一三', '2015-09-25', 'A 県 Z 市 ZB 区');
INSERT INTO persons VALUES ('PS000115', '零一 一四', '2008-03-24', 'C 県 X 市 XA 地区');
INSERT INTO persons VALUES ('PS000116', '零一 一五', '2013-03-20', 'A 県 X 市 XB 地区');
INSERT INTO persons VALUES ('PS000117', '零一 一六', '2000-10-06', 'A 県 X 市 XA 地区');
INSERT INTO persons VALUES ('PS000118', '零一 一七', '2003-04-21', 'C 県 X 市 XA 地区');
INSERT INTO persons VALUES ('PS000119', '零一 一八', '2001-06-18', 'A 県 Z 市 ZA 区');
INSERT INTO persons VALUES ('PS000120', '零一 一九', '2005-11-17', 'A 県 Z 市 ZA 区');
INSERT INTO persons VALUES ('PS000121', '零一 二零', '2000-10-10', 'A 県 X 市 XC 地区');
INSERT INTO persons VALUES ('PS000122', '零一 二一', '2000-11-16', 'A 県 Z 市 ZA 区');
INSERT INTO persons VALUES ('PS000123', '零一 二二', '2000-10-04', 'B 都 Y 区 YA');
INSERT INTO persons VALUES ('PS000124', '零一 二三', '2000-11-16', 'B 都 Y 区 YA');
INSERT INTO persons VALUES ('PS000125', '零一 二四', '2005-10-03', 'A 県 X 市 XC 地区');
INSERT INTO persons VALUES ('PS000126', '零一 二五', '2004-01-28', 'A 県 X 市 XD 地区');
INSERT INTO persons VALUES ('PS000127', '零一 二六', '2004-07-25', 'A 県 Z 市 ZB 区');
INSERT INTO persons VALUES ('PS000128', '零一 二七', '2005-08-04', 'B 都 X 区 XB');
INSERT INTO persons VALUES ('PS000129', '零一 二八', '2002-05-03', 'A 県 Z 市 ZA 区');
INSERT INTO persons VALUES ('PS000130', '零一 二九', '2004-10-08', 'A 県 X 市 XB 地区');
INSERT INTO persons VALUES ('PS000131', '零一 三零', '2001-10-28', 'C 県 X 市 XB 地区');
INSERT INTO persons VALUES ('PS000132', '零一 三一', '2004-12-08', 'C 県 X 市 XA 地区');
INSERT INTO persons VALUES ('PS000133', '零一 三二', '2004-02-01', 'B 都 X 区 XA');
INSERT INTO persons VALUES ('PS000134', '零一 三三', '2005-05-27', 'A 県 X 市 XB 地区');
INSERT INTO persons VALUES ('PS000135', '零一 三四', '2004-10-29', 'A 県 Z 市 ZB 区');
INSERT INTO persons VALUES ('PS000136', '零一 三五', '2001-11-15', 'A 県 X 市 XC 地区');
INSERT INTO persons VALUES ('PS000137', '零一 三六', '2002-10-21', 'B 都 X 区 XB');
INSERT INTO persons VALUES ('PS000138', '零一 三七', '2000-11-16', 'A 県 Z 市 ZB 区');
INSERT INTO persons VALUES ('PS000139', '零一 三八', '2001-03-07', 'B 都 X 区 XC');
INSERT INTO persons VALUES ('PS000140', '零一 三九', '2004-05-19', 'B 都 X 区 XA');
INSERT INTO persons VALUES ('PS000141', '零一 四零', '2004-11-26', 'C 県 X 市 XB 地区');
INSERT INTO persons VALUES ('PS000142', '零一 四一', '2000-06-16', 'A 県 X 市 XD 地区');
INSERT INTO persons VALUES ('PS000143', '零一 四二', '2002-02-17', 'A 県 Z 市 ZA 区');
INSERT INTO persons VALUES ('PS000144', '零一 四三', '2000-08-02', 'B 都 X 区 XB');
INSERT INTO persons VALUES ('PS000145', '零一 四四', '2004-12-04', 'A 県 X 市本町');
INSERT INTO persons VALUES ('PS000146', '零一 四五', '2003-04-01', 'C 県 X 市 XA 地区');
INSERT INTO persons VALUES ('PS000147', '零一 四六', '2005-06-07', 'A 県 X 市 XA 地区');
INSERT INTO persons VALUES ('PS000148', '零一 四七', '1979-11-16', 'A 県 Y 町 YC 郡');
INSERT INTO persons VALUES ('PS000149', '零一 四八', '1966-03-02', 'C 県 X 市 XA 地区');
INSERT INTO persons VALUES ('PS000150', '零一 四九', '1972-12-29', 'C 県 X 市 XB 地区');
INSERT INTO persons VALUES ('PS000151', '零一 五零', '1948-12-01', 'B 都 Y 区 YA');
INSERT INTO persons VALUES ('PS000152', '零一 五一', '1995-05-12', 'B 都 Y 区 YA');
INSERT INTO persons VALUES ('PS000153', '零一 五二', '1970-12-13', 'A 県 X 市 XA 地区');
INSERT INTO persons VALUES ('PS000154', '零一 五三', '1964-07-25', 'A 県 X 市本町');
INSERT INTO persons VALUES ('PS000155', '零一 五四', '1954-12-18', '');
INSERT INTO persons VALUES ('PS000156', '零一 五五', '1955-09-03', 'C 県 X 市 XB 地区');
INSERT INTO persons VALUES ('PS000157', '零一 五六', '1981-06-04', 'C 県 X 市 XA 地区');
INSERT INTO persons VALUES ('PS000158', '零一 五七', '1990-08-15', '');
INSERT INTO persons VALUES ('PS000159', '零一 五八', '1994-01-15', 'B 都 X 区 XB');
INSERT INTO persons VALUES ('PS000160', '零一 五九', '1969-07-19', '');
INSERT INTO persons VALUES ('PS000161', '零一 六零', '1960-10-21', 'A 県 Z 市 ZB 区');
INSERT INTO persons VALUES ('PS000162', '零一 六一', '1968-06-24', 'A 県 Y 町 YC 郡');
INSERT INTO persons VALUES ('PS000163', '零一 六二', '1950-08-11', 'A 県 Y 町 YC 郡');
INSERT INTO persons VALUES ('PS000164', '零一 六三', '1955-01-18', '');
INSERT INTO persons VALUES ('PS000165', '零一 六四', '2015-11-19', 'A 県 Y 町 YA 郡');
INSERT INTO persons VALUES ('PS000166', '零一 六五', '2007-04-06', 'A 県 Y 町 YC 郡');
INSERT INTO persons VALUES ('PS000167', '零一 六六', '1945-06-10', '');
INSERT INTO persons VALUES ('PS000168', '零一 六七', '1949-08-11', 'A 県 Y 町 YB 郡');
INSERT INTO persons VALUES ('PS000169', '零一 六八', '1955-03-25', 'A 県 X 市 XA 地区');
INSERT INTO persons VALUES ('PS000170', '零一 六九', '2005-04-30', '');
INSERT INTO persons VALUES ('PS000171', '零一 七零', '1977-03-22', '');
INSERT INTO persons VALUES ('PS000172', '零一 七一', '2004-08-03', 'A 県 X 市 XC 地区');
INSERT INTO persons VALUES ('PS000173', '零一 七二', '1961-10-31', '');
INSERT INTO persons VALUES ('PS000174', '零一 七三', '1959-05-14', 'A 県 Z 市 ZA 区');
INSERT INTO persons VALUES ('PS000175', '零一 七四', '1964-01-16', '');
INSERT INTO persons VALUES ('PS000176', '零一 七五', '2013-04-29', 'A 県 Y 町 YB 郡');
INSERT INTO persons VALUES ('PS000177', '零一 七六', '2015-10-20', 'A 県 Z 市 ZA 区');
INSERT INTO persons VALUES ('PS000178', '零一 七七', '1967-12-07', '');
INSERT INTO persons VALUES ('PS000179', '零一 七八', '2013-08-23', '');
INSERT INTO persons VALUES ('PS000180', '零一 七九', '1993-09-14', 'A 県 X 市 XC 地区');
INSERT INTO persons VALUES ('PS000181', '零一 八零', '2017-11-26', 'A 県 Y 町 YA 郡');
INSERT INTO persons VALUES ('PS000182', '零一 八一', '1970-04-08', 'C 県 X 市 XA 地区');
INSERT INTO persons VALUES ('PS000183', '零一 八二', '2001-03-18', 'B 都 X 区 XB');
INSERT INTO persons VALUES ('PS000184', '零一 八三', '1974-01-25', 'B 都 X 区 XB');
INSERT INTO persons VALUES ('PS000185', '零一 八四', '2006-10-08', 'B 都 X 区 XA');
INSERT INTO persons VALUES ('PS000186', '零一 八五', '2006-02-22', 'A 県 X 市 XB 地区');
INSERT INTO persons VALUES ('PS000187', '零一 八六', '1971-03-30', 'A 県 X 市 XD 地区');
INSERT INTO persons VALUES ('PS000188', '零一 八七', '1966-06-14', '');
INSERT INTO persons VALUES ('PS000189', '零一 八八', '2013-10-16', 'A 県 Z 市 ZB 区');
INSERT INTO persons VALUES ('PS000190', '零一 八九', '1963-03-24', 'A 県 X 市 XA 地区');
INSERT INTO persons VALUES ('PS000191', '零一 九零', '2018-02-18', 'A 県 Y 町 YA 郡');
INSERT INTO persons VALUES ('PS000192', '零一 九一', '2012-03-10', 'A 県 X 市 XB 地区');
INSERT INTO persons VALUES ('PS000193', '零一 九二', '1980-08-17', 'C 県 X 市 XA 地区');
INSERT INTO persons VALUES ('PS000194', '零一 九三', '2014-11-18', 'A 県 X 市 XB 地区');
INSERT INTO persons VALUES ('PS000195', '零一 九四', '2012-08-18', 'B 都 X 区 XB');
INSERT INTO persons VALUES ('PS000196', '零一 九五', '2003-09-17', 'A 県 X 市 XB 地区');
INSERT INTO persons VALUES ('PS000197', '零一 九六', '2011-06-06', 'A 県 X 市 XD 地区');
INSERT INTO persons VALUES ('PS000198', '零一 九七', '2010-09-25', 'C 県 X 市 XA 地区');
INSERT INTO persons VALUES ('PS000199', '零一 九八', '1971-04-22', 'B 都 Y 区 YA');
INSERT INTO persons VALUES ('PS000200', '零一 九九', '1953-12-06', 'A 県 X 市本町');
INSERT INTO persons VALUES ('PS000201', '零二 零零', '2017-01-19', 'A 県 X 市 XD 地区');
INSERT INTO persons VALUES ('PS000202', '零二 零一', '1974-11-13', '');
INSERT INTO persons VALUES ('PS000203', '零二 零二', '1971-02-01', '');
INSERT INTO persons VALUES ('PS000204', '零二 零三', '1994-05-30', 'B 都 X 区 XC');
INSERT INTO persons VALUES ('PS000205', '零二 零四', '1977-04-19', '');
INSERT INTO persons VALUES ('PS000206', '零二 零五', '1980-06-25', 'C 県 X 市 XB 地区');
INSERT INTO persons VALUES ('PS000207', '零二 零六', '2011-07-02', 'B 都 X 区 XC');
INSERT INTO persons VALUES ('PS000208', '零二 零七', '1980-07-06', '');
INSERT INTO persons VALUES ('PS000209', '零二 零八', '1966-05-04', 'A 県 X 市 XA 地区');
INSERT INTO persons VALUES ('PS000210', '零二 零九', '2009-07-23', 'A 県 Z 市 ZB 区');
INSERT INTO persons VALUES ('PS000211', '零二 一零', '2017-11-20', 'A 県 Y 町 YA 郡');
INSERT INTO persons VALUES ('PS000212', '零二 一一', '1985-02-12', 'A 県 Y 町 YC 郡');
INSERT INTO persons VALUES ('PS000213', '零二 一二', '2009-06-20', 'A 県 Z 市 ZB 区');
INSERT INTO persons VALUES ('PS000214', '零二 一三', '1999-01-02', 'B 都 Y 区 YA');
INSERT INTO persons VALUES ('PS000215', '零二 一四', '1953-10-25', 'B 都 X 区 XA');
INSERT INTO persons VALUES ('PS000216', '零二 一五', '1955-03-18', 'A 県 Y 町 YA 郡');
INSERT INTO persons VALUES ('PS000217', '零二 一六', '1973-05-07', '');
INSERT INTO persons VALUES ('PS000218', '零二 一七', '1945-05-30', 'A 県 Y 町 YA 郡');
INSERT INTO persons VALUES ('PS000219', '零二 一八', '2006-08-01', 'A 県 X 市 XC 地区');
INSERT INTO persons VALUES ('PS000220', '零二 一九', '1958-03-23', 'A 県 X 市本町');
INSERT INTO persons VALUES ('PS000221', '零二 二零', '1970-02-08', 'C 県 X 市 XA 地区');
INSERT INTO persons VALUES ('PS000222', '零二 二一', '1990-11-24', 'A 県 X 市 XA 地区');
INSERT INTO persons VALUES ('PS000223', '零二 二二', '1948-11-21', 'A 県 X 市 XD 地区');
INSERT INTO persons VALUES ('PS000224', '零二 二三', '2018-03-24', 'C 県 X 市 XB 地区');
INSERT INTO persons VALUES ('PS000225', '零二 二四', '2012-04-27', 'B 都 X 区 XC');
INSERT INTO persons VALUES ('PS000226', '零二 二五', '1981-05-11', 'A 県 Y 町 YB 郡');
INSERT INTO persons VALUES ('PS000227', '零二 二六', '1945-06-02', '');
INSERT INTO persons VALUES ('PS000228', '零二 二七', '1947-09-08', '');
INSERT INTO persons VALUES ('PS000229', '零二 二八', '1972-04-08', '');
INSERT INTO persons VALUES ('PS000230', '零二 二九', '2011-10-26', 'A 県 X 市 XB 地区');
INSERT INTO persons VALUES ('PS000231', '零二 三零', '1983-10-16', '');
INSERT INTO persons VALUES ('PS000232', '零二 三一', '2008-07-13', 'B 都 X 区 XB');
INSERT INTO persons VALUES ('PS000233', '零二 三二', '1945-09-07', 'A 県 X 市 XA 地区');
INSERT INTO persons VALUES ('PS000234', '零二 三三', '1975-12-20', 'A 県 X 市 XD 地区');
INSERT INTO persons VALUES ('PS000235', '零二 三四', '2010-02-11', 'B 都 X 区 XC');
INSERT INTO persons VALUES ('PS000236', '零二 三五', '2007-12-27', '');
INSERT INTO persons VALUES ('PS000237', '零二 三六', '1968-02-25', '');
INSERT INTO persons VALUES ('PS000238', '零二 三七', '1978-11-13', 'A 県 Y 町 YC 郡');
INSERT INTO persons VALUES ('PS000239', '零二 三八', '1983-01-09', 'A 県 Z 市 ZB 区');
INSERT INTO persons VALUES ('PS000240', '零二 三九', '1962-11-01', 'C 県 X 市 XB 地区');
INSERT INTO persons VALUES ('PS000241', '零二 四零', '1996-09-14', 'C 県 X 市 XB 地区');
INSERT INTO persons VALUES ('PS000242', '零二 四一', '1978-12-15', '');
INSERT INTO persons VALUES ('PS000243', '零二 四二', '1965-11-03', 'B 都 X 区 XC');
INSERT INTO persons VALUES ('PS000244', '零二 四三', '2018-10-17', 'A 県 Z 市 ZB 区');
INSERT INTO persons VALUES ('PS000245', '零二 四四', '1977-08-02', 'A 県 X 市 XD 地区');
INSERT INTO persons VALUES ('PS000246', '零二 四五', '1953-06-05', '');
INSERT INTO persons VALUES ('PS000247', '零二 四六', '2013-12-28', 'B 都 X 区 XA');
-- INSERT INTO persons VALUES ('PS', '', '--', '');

INSERT INTO phones VALUES ('PS000001', '000-0000');
INSERT INTO phones VALUES ('PS000001', '000-0001');
INSERT INTO phones VALUES ('PS000002', '000-0002');
INSERT INTO phones VALUES ('PS000002', '000-0003');
INSERT INTO phones VALUES ('PS000003', '000-0004');
INSERT INTO phones VALUES ('PS000003', '000-0005');
INSERT INTO phones VALUES ('PS000004', '000-0006');
INSERT INTO phones VALUES ('PS000005', '000-0007');
INSERT INTO phones VALUES ('PS000006', '000-0008');
INSERT INTO phones VALUES ('PS000007', '000-0009');
INSERT INTO phones VALUES ('PS000007', '000-0010');
INSERT INTO phones VALUES ('PS000008', '000-0011');
INSERT INTO phones VALUES ('PS000008', '000-0012');
INSERT INTO phones VALUES ('PS000009', '000-0013');
INSERT INTO phones VALUES ('PS000010', '000-0014');
INSERT INTO phones VALUES ('PS000011', '000-0015');
INSERT INTO phones VALUES ('PS000011', '000-0016');
INSERT INTO phones VALUES ('PS000012', '000-0017');
INSERT INTO phones VALUES ('PS000012', '000-0018');
INSERT INTO phones VALUES ('PS000013', '000-0019');
INSERT INTO phones VALUES ('PS000013', '000-0020');
INSERT INTO phones VALUES ('PS000014', '000-0021');
INSERT INTO phones VALUES ('PS000014', '000-0022');
INSERT INTO phones VALUES ('PS000015', '000-0023');
INSERT INTO phones VALUES ('PS000016', '000-0024');
INSERT INTO phones VALUES ('PS000017', '000-0025');
INSERT INTO phones VALUES ('PS000018', '000-0026');
INSERT INTO phones VALUES ('PS000019', '000-0027');
INSERT INTO phones VALUES ('PS000020', '000-0028');
INSERT INTO phones VALUES ('PS000021', '000-0029');
INSERT INTO phones VALUES ('PS000021', '000-0030');
INSERT INTO phones VALUES ('PS000022', '000-0031');
INSERT INTO phones VALUES ('PS000022', '000-0032');
INSERT INTO phones VALUES ('PS000023', '000-0033');
INSERT INTO phones VALUES ('PS000023', '000-0034');
INSERT INTO phones VALUES ('PS000024', '000-0035');
INSERT INTO phones VALUES ('PS000025', '000-0036');
INSERT INTO phones VALUES ('PS000025', '000-0037');
INSERT INTO phones VALUES ('PS000026', '000-0038');
INSERT INTO phones VALUES ('PS000027', '000-0039');
INSERT INTO phones VALUES ('PS000027', '000-0040');
INSERT INTO phones VALUES ('PS000028', '000-0041');
INSERT INTO phones VALUES ('PS000028', '000-0042');
INSERT INTO phones VALUES ('PS000029', '000-0043');
INSERT INTO phones VALUES ('PS000030', '000-0044');
INSERT INTO phones VALUES ('PS000030', '000-0045');
INSERT INTO phones VALUES ('PS000031', '000-0046');
INSERT INTO phones VALUES ('PS000032', '000-0047');
INSERT INTO phones VALUES ('PS000033', '000-0048');
INSERT INTO phones VALUES ('PS000034', '000-0049');
INSERT INTO phones VALUES ('PS000034', '000-0050');
INSERT INTO phones VALUES ('PS000035', '000-0051');
INSERT INTO phones VALUES ('PS000036', '000-0052');
INSERT INTO phones VALUES ('PS000036', '000-0053');
INSERT INTO phones VALUES ('PS000037', '000-0054');
INSERT INTO phones VALUES ('PS000039', '000-0055');
INSERT INTO phones VALUES ('PS000042', '000-0056');
INSERT INTO phones VALUES ('PS000042', '000-0057');
INSERT INTO phones VALUES ('PS000043', '000-0058');
INSERT INTO phones VALUES ('PS000044', '000-0059');
INSERT INTO phones VALUES ('PS000045', '000-0060');
INSERT INTO phones VALUES ('PS000046', '000-0061');
INSERT INTO phones VALUES ('PS000046', '000-0062');
INSERT INTO phones VALUES ('PS000047', '000-0063');
INSERT INTO phones VALUES ('PS000047', '000-0064');
INSERT INTO phones VALUES ('PS000048', '000-0065');
INSERT INTO phones VALUES ('PS000049', '000-0066');
INSERT INTO phones VALUES ('PS000049', '000-0067');
INSERT INTO phones VALUES ('PS000050', '000-0068');
INSERT INTO phones VALUES ('PS000051', '000-0069');
INSERT INTO phones VALUES ('PS000051', '000-0070');
INSERT INTO phones VALUES ('PS000052', '000-0071');
INSERT INTO phones VALUES ('PS000052', '000-0072');
INSERT INTO phones VALUES ('PS000053', '000-0073');
INSERT INTO phones VALUES ('PS000053', '000-0074');
INSERT INTO phones VALUES ('PS000054', '000-0075');
INSERT INTO phones VALUES ('PS000055', '000-0076');
INSERT INTO phones VALUES ('PS000056', '000-0077');
INSERT INTO phones VALUES ('PS000056', '000-0078');
INSERT INTO phones VALUES ('PS000060', '000-0079');
INSERT INTO phones VALUES ('PS000061', '000-0080');
INSERT INTO phones VALUES ('PS000061', '000-0081');
INSERT INTO phones VALUES ('PS000062', '000-0082');
INSERT INTO phones VALUES ('PS000063', '000-0083');
INSERT INTO phones VALUES ('PS000063', '000-0084');
INSERT INTO phones VALUES ('PS000064', '000-0085');
INSERT INTO phones VALUES ('PS000065', '000-0086');
INSERT INTO phones VALUES ('PS000065', '000-0087');
INSERT INTO phones VALUES ('PS000066', '000-0088');
INSERT INTO phones VALUES ('PS000066', '000-0089');
INSERT INTO phones VALUES ('PS000067', '000-0090');
INSERT INTO phones VALUES ('PS000067', '000-0091');
INSERT INTO phones VALUES ('PS000068', '000-0092');
INSERT INTO phones VALUES ('PS000069', '000-0093');
INSERT INTO phones VALUES ('PS000069', '000-0094');
INSERT INTO phones VALUES ('PS000070', '000-0095');
INSERT INTO phones VALUES ('PS000070', '000-0096');
INSERT INTO phones VALUES ('PS000071', '000-0097');
INSERT INTO phones VALUES ('PS000071', '000-0098');
INSERT INTO phones VALUES ('PS000072', '000-0099');
INSERT INTO phones VALUES ('PS000073', '000-0100');
INSERT INTO phones VALUES ('PS000073', '000-0101');
INSERT INTO phones VALUES ('PS000074', '000-0102');
INSERT INTO phones VALUES ('PS000075', '000-0103');
INSERT INTO phones VALUES ('PS000076', '000-0104');
INSERT INTO phones VALUES ('PS000077', '000-0105');
INSERT INTO phones VALUES ('PS000078', '000-0106');
INSERT INTO phones VALUES ('PS000079', '000-0107');
INSERT INTO phones VALUES ('PS000079', '000-0108');
INSERT INTO phones VALUES ('PS000080', '000-0109');
INSERT INTO phones VALUES ('PS000080', '000-0110');
INSERT INTO phones VALUES ('PS000081', '000-0111');
INSERT INTO phones VALUES ('PS000082', '000-0112');
INSERT INTO phones VALUES ('PS000083', '000-0113');
INSERT INTO phones VALUES ('PS000083', '000-0114');
INSERT INTO phones VALUES ('PS000084', '000-0115');
INSERT INTO phones VALUES ('PS000084', '000-0116');
INSERT INTO phones VALUES ('PS000085', '000-0117');
INSERT INTO phones VALUES ('PS000085', '000-0118');
INSERT INTO phones VALUES ('PS000086', '000-0119');
INSERT INTO phones VALUES ('PS000087', '000-0120');
INSERT INTO phones VALUES ('PS000087', '000-0121');
INSERT INTO phones VALUES ('PS000088', '000-0122');
INSERT INTO phones VALUES ('PS000089', '000-0123');
INSERT INTO phones VALUES ('PS000090', '000-0124');
INSERT INTO phones VALUES ('PS000090', '000-0125');
INSERT INTO phones VALUES ('PS000091', '000-0126');
INSERT INTO phones VALUES ('PS000091', '000-0127');
INSERT INTO phones VALUES ('PS000092', '000-0128');
INSERT INTO phones VALUES ('PS000092', '000-0129');
INSERT INTO phones VALUES ('PS000093', '000-0130');
INSERT INTO phones VALUES ('PS000095', '000-0131');
INSERT INTO phones VALUES ('PS000095', '000-0132');
INSERT INTO phones VALUES ('PS000096', '000-0133');
INSERT INTO phones VALUES ('PS000096', '000-0134');
INSERT INTO phones VALUES ('PS000097', '000-0135');
INSERT INTO phones VALUES ('PS000097', '000-0136');
INSERT INTO phones VALUES ('PS000098', '000-0137');
INSERT INTO phones VALUES ('PS000099', '000-0138');
INSERT INTO phones VALUES ('PS000099', '000-0139');
INSERT INTO phones VALUES ('PS000100', '000-0140');
INSERT INTO phones VALUES ('PS000100', '000-0141');
INSERT INTO phones VALUES ('PS000101', '000-0142');
INSERT INTO phones VALUES ('PS000101', '000-0143');
INSERT INTO phones VALUES ('PS000102', '000-0144');
INSERT INTO phones VALUES ('PS000102', '000-0145');
INSERT INTO phones VALUES ('PS000103', '000-0146');
INSERT INTO phones VALUES ('PS000104', '000-0147');
INSERT INTO phones VALUES ('PS000104', '000-0148');
INSERT INTO phones VALUES ('PS000105', '000-0149');
INSERT INTO phones VALUES ('PS000105', '000-0150');
INSERT INTO phones VALUES ('PS000106', '000-0151');
INSERT INTO phones VALUES ('PS000107', '000-0152');
INSERT INTO phones VALUES ('PS000108', '000-0153');
INSERT INTO phones VALUES ('PS000109', '000-0154');
INSERT INTO phones VALUES ('PS000109', '000-0155');
INSERT INTO phones VALUES ('PS000114', '000-0156');
INSERT INTO phones VALUES ('PS000116', '000-0157');
INSERT INTO phones VALUES ('PS000117', '000-0158');
INSERT INTO phones VALUES ('PS000117', '000-0159');
INSERT INTO phones VALUES ('PS000118', '000-0160');
INSERT INTO phones VALUES ('PS000119', '000-0161');
INSERT INTO phones VALUES ('PS000119', '000-0162');
INSERT INTO phones VALUES ('PS000120', '000-0163');
INSERT INTO phones VALUES ('PS000120', '000-0164');
INSERT INTO phones VALUES ('PS000121', '000-0165');
INSERT INTO phones VALUES ('PS000122', '000-0166');
INSERT INTO phones VALUES ('PS000123', '000-0167');
INSERT INTO phones VALUES ('PS000124', '000-0168');
INSERT INTO phones VALUES ('PS000125', '000-0169');
INSERT INTO phones VALUES ('PS000125', '000-0170');
INSERT INTO phones VALUES ('PS000126', '000-0171');
INSERT INTO phones VALUES ('PS000127', '000-0172');
INSERT INTO phones VALUES ('PS000127', '000-0173');
INSERT INTO phones VALUES ('PS000128', '000-0174');
INSERT INTO phones VALUES ('PS000128', '000-0175');
INSERT INTO phones VALUES ('PS000129', '000-0176');
INSERT INTO phones VALUES ('PS000130', '000-0177');
INSERT INTO phones VALUES ('PS000131', '000-0178');
INSERT INTO phones VALUES ('PS000131', '000-0179');
INSERT INTO phones VALUES ('PS000132', '000-0180');
INSERT INTO phones VALUES ('PS000133', '000-0181');
INSERT INTO phones VALUES ('PS000134', '000-0182');
INSERT INTO phones VALUES ('PS000135', '000-0183');
INSERT INTO phones VALUES ('PS000135', '000-0184');
INSERT INTO phones VALUES ('PS000136', '000-0185');
INSERT INTO phones VALUES ('PS000137', '000-0186');
INSERT INTO phones VALUES ('PS000138', '000-0187');
INSERT INTO phones VALUES ('PS000138', '000-0188');
INSERT INTO phones VALUES ('PS000139', '000-0189');
INSERT INTO phones VALUES ('PS000139', '000-0190');
INSERT INTO phones VALUES ('PS000140', '000-0191');
INSERT INTO phones VALUES ('PS000141', '000-0192');
INSERT INTO phones VALUES ('PS000141', '000-0193');
INSERT INTO phones VALUES ('PS000142', '000-0194');
INSERT INTO phones VALUES ('PS000143', '000-0195');
INSERT INTO phones VALUES ('PS000143', '000-0196');
INSERT INTO phones VALUES ('PS000144', '000-0197');
INSERT INTO phones VALUES ('PS000145', '000-0198');
INSERT INTO phones VALUES ('PS000146', '000-0199');
INSERT INTO phones VALUES ('PS000146', '000-0200');
INSERT INTO phones VALUES ('PS000147', '000-0201');
INSERT INTO phones VALUES ('PS000148', '000-0202');
INSERT INTO phones VALUES ('PS000149', '000-0203');
INSERT INTO phones VALUES ('PS000149', '000-0204');
INSERT INTO phones VALUES ('PS000150', '000-0205');
INSERT INTO phones VALUES ('PS000150', '000-0206');
INSERT INTO phones VALUES ('PS000151', '000-0207');
INSERT INTO phones VALUES ('PS000151', '000-0208');
INSERT INTO phones VALUES ('PS000152', '000-0209');
INSERT INTO phones VALUES ('PS000152', '000-0210');
INSERT INTO phones VALUES ('PS000153', '000-0211');
INSERT INTO phones VALUES ('PS000153', '000-0212');
INSERT INTO phones VALUES ('PS000154', '000-0213');
INSERT INTO phones VALUES ('PS000155', '000-0214');
INSERT INTO phones VALUES ('PS000155', '000-0215');
INSERT INTO phones VALUES ('PS000156', '000-0216');
INSERT INTO phones VALUES ('PS000156', '000-0217');
INSERT INTO phones VALUES ('PS000157', '000-0218');
INSERT INTO phones VALUES ('PS000158', '000-0219');
INSERT INTO phones VALUES ('PS000159', '000-0220');
INSERT INTO phones VALUES ('PS000159', '000-0221');
INSERT INTO phones VALUES ('PS000160', '000-0222');
INSERT INTO phones VALUES ('PS000160', '000-0223');
INSERT INTO phones VALUES ('PS000161', '000-0224');
INSERT INTO phones VALUES ('PS000161', '000-0225');
INSERT INTO phones VALUES ('PS000162', '000-0226');
INSERT INTO phones VALUES ('PS000162', '000-0227');
INSERT INTO phones VALUES ('PS000163', '000-0228');
INSERT INTO phones VALUES ('PS000163', '000-0229');
INSERT INTO phones VALUES ('PS000164', '000-0230');
INSERT INTO phones VALUES ('PS000164', '000-0231');
INSERT INTO phones VALUES ('PS000165', '000-0232');
INSERT INTO phones VALUES ('PS000167', '000-0233');
INSERT INTO phones VALUES ('PS000167', '000-0234');
INSERT INTO phones VALUES ('PS000168', '000-0235');
INSERT INTO phones VALUES ('PS000169', '000-0236');
INSERT INTO phones VALUES ('PS000170', '000-0237');
INSERT INTO phones VALUES ('PS000170', '000-0238');
INSERT INTO phones VALUES ('PS000171', '000-0239');
INSERT INTO phones VALUES ('PS000171', '000-0240');
INSERT INTO phones VALUES ('PS000172', '000-0241');
INSERT INTO phones VALUES ('PS000172', '000-0242');
INSERT INTO phones VALUES ('PS000173', '000-0243');
INSERT INTO phones VALUES ('PS000173', '000-0244');
INSERT INTO phones VALUES ('PS000174', '000-0245');
INSERT INTO phones VALUES ('PS000174', '000-0246');
INSERT INTO phones VALUES ('PS000175', '000-0247');
INSERT INTO phones VALUES ('PS000175', '000-0248');
INSERT INTO phones VALUES ('PS000176', '000-0249');
INSERT INTO phones VALUES ('PS000178', '000-0250');
INSERT INTO phones VALUES ('PS000178', '000-0251');
INSERT INTO phones VALUES ('PS000179', '000-0252');
INSERT INTO phones VALUES ('PS000180', '000-0253');
INSERT INTO phones VALUES ('PS000181', '000-0254');
INSERT INTO phones VALUES ('PS000182', '000-0255');
INSERT INTO phones VALUES ('PS000183', '000-0256');
INSERT INTO phones VALUES ('PS000183', '000-0257');
INSERT INTO phones VALUES ('PS000184', '000-0258');
INSERT INTO phones VALUES ('PS000186', '000-0259');
INSERT INTO phones VALUES ('PS000187', '000-0260');
INSERT INTO phones VALUES ('PS000187', '000-0261');
INSERT INTO phones VALUES ('PS000188', '000-0262');
INSERT INTO phones VALUES ('PS000188', '000-0263');
INSERT INTO phones VALUES ('PS000190', '000-0264');
INSERT INTO phones VALUES ('PS000190', '000-0265');
INSERT INTO phones VALUES ('PS000191', '000-0266');
INSERT INTO phones VALUES ('PS000193', '000-0267');
INSERT INTO phones VALUES ('PS000193', '000-0268');
INSERT INTO phones VALUES ('PS000196', '000-0269');
INSERT INTO phones VALUES ('PS000197', '000-0270');
INSERT INTO phones VALUES ('PS000198', '000-0271');
INSERT INTO phones VALUES ('PS000199', '000-0272');
INSERT INTO phones VALUES ('PS000199', '000-0273');
INSERT INTO phones VALUES ('PS000200', '000-0274');
INSERT INTO phones VALUES ('PS000202', '000-0275');
INSERT INTO phones VALUES ('PS000202', '000-0276');
INSERT INTO phones VALUES ('PS000203', '000-0277');
INSERT INTO phones VALUES ('PS000203', '000-0278');
INSERT INTO phones VALUES ('PS000204', '000-0279');
INSERT INTO phones VALUES ('PS000204', '000-0280');
INSERT INTO phones VALUES ('PS000205', '000-0281');
INSERT INTO phones VALUES ('PS000206', '000-0282');
INSERT INTO phones VALUES ('PS000206', '000-0283');
INSERT INTO phones VALUES ('PS000208', '000-0284');
INSERT INTO phones VALUES ('PS000209', '000-0285');
INSERT INTO phones VALUES ('PS000209', '000-0286');
INSERT INTO phones VALUES ('PS000212', '000-0287');
INSERT INTO phones VALUES ('PS000214', '000-0288');
INSERT INTO phones VALUES ('PS000215', '000-0289');
INSERT INTO phones VALUES ('PS000215', '000-0290');
INSERT INTO phones VALUES ('PS000216', '000-0291');
INSERT INTO phones VALUES ('PS000217', '000-0292');
INSERT INTO phones VALUES ('PS000217', '000-0293');
INSERT INTO phones VALUES ('PS000218', '000-0294');
INSERT INTO phones VALUES ('PS000220', '000-0295');
INSERT INTO phones VALUES ('PS000220', '000-0296');
INSERT INTO phones VALUES ('PS000221', '000-0297');
INSERT INTO phones VALUES ('PS000222', '000-0298');
INSERT INTO phones VALUES ('PS000222', '000-0299');
INSERT INTO phones VALUES ('PS000223', '000-0300');
INSERT INTO phones VALUES ('PS000223', '000-0301');
INSERT INTO phones VALUES ('PS000224', '000-0302');
INSERT INTO phones VALUES ('PS000225', '000-0303');
INSERT INTO phones VALUES ('PS000226', '000-0304');
INSERT INTO phones VALUES ('PS000227', '000-0305');
INSERT INTO phones VALUES ('PS000227', '000-0306');
INSERT INTO phones VALUES ('PS000228', '000-0307');
INSERT INTO phones VALUES ('PS000229', '000-0308');
INSERT INTO phones VALUES ('PS000230', '000-0309');
INSERT INTO phones VALUES ('PS000231', '000-0310');
INSERT INTO phones VALUES ('PS000233', '000-0311');
INSERT INTO phones VALUES ('PS000233', '000-0312');
INSERT INTO phones VALUES ('PS000234', '000-0313');
INSERT INTO phones VALUES ('PS000235', '000-0314');
INSERT INTO phones VALUES ('PS000236', '000-0315');
INSERT INTO phones VALUES ('PS000237', '000-0316');
INSERT INTO phones VALUES ('PS000238', '000-0317');
INSERT INTO phones VALUES ('PS000239', '000-0318');
INSERT INTO phones VALUES ('PS000239', '000-0319');
INSERT INTO phones VALUES ('PS000240', '000-0320');
INSERT INTO phones VALUES ('PS000240', '000-0321');
INSERT INTO phones VALUES ('PS000241', '000-0322');
INSERT INTO phones VALUES ('PS000241', '000-0323');
INSERT INTO phones VALUES ('PS000242', '000-0324');
INSERT INTO phones VALUES ('PS000242', '000-0325');
INSERT INTO phones VALUES ('PS000243', '000-0326');
INSERT INTO phones VALUES ('PS000243', '000-0327');
INSERT INTO phones VALUES ('PS000245', '000-0328');
INSERT INTO phones VALUES ('PS000245', '000-0329');
INSERT INTO phones VALUES ('PS000246', '000-0330');
INSERT INTO phones VALUES ('PS000247', '000-0331');
-- INSERT INTO phones VALUES ('PS', '');

INSERT INTO emails VALUES ('PS000002', 'ps000002_00@example.com');
INSERT INTO emails VALUES ('PS000004', 'ps000004_00@example.com');
INSERT INTO emails VALUES ('PS000005', 'ps000005_00@example.com');
INSERT INTO emails VALUES ('PS000006', 'ps000006_00@example.com');
INSERT INTO emails VALUES ('PS000006', 'ps000006_01@example.com');
INSERT INTO emails VALUES ('PS000007', 'ps000007_00@example.com');
INSERT INTO emails VALUES ('PS000007', 'ps000007_01@example.com');
INSERT INTO emails VALUES ('PS000008', 'ps000008_00@example.com');
INSERT INTO emails VALUES ('PS000008', 'ps000008_01@example.com');
INSERT INTO emails VALUES ('PS000011', 'ps000011_00@example.com');
INSERT INTO emails VALUES ('PS000011', 'ps000011_01@example.com');
INSERT INTO emails VALUES ('PS000012', 'ps000012_00@example.com');
INSERT INTO emails VALUES ('PS000012', 'ps000012_01@example.com');
INSERT INTO emails VALUES ('PS000013', 'ps000013_00@example.com');
INSERT INTO emails VALUES ('PS000014', 'ps000014_00@example.com');
INSERT INTO emails VALUES ('PS000014', 'ps000014_01@example.com');
INSERT INTO emails VALUES ('PS000015', 'ps000015_00@example.com');
INSERT INTO emails VALUES ('PS000015', 'ps000015_01@example.com');
INSERT INTO emails VALUES ('PS000016', 'ps000016_00@example.com');
INSERT INTO emails VALUES ('PS000018', 'ps000018_00@example.com');
INSERT INTO emails VALUES ('PS000019', 'ps000019_00@example.com');
INSERT INTO emails VALUES ('PS000021', 'ps000021_00@example.com');
INSERT INTO emails VALUES ('PS000021', 'ps000021_01@example.com');
INSERT INTO emails VALUES ('PS000022', 'ps000022_00@example.com');
INSERT INTO emails VALUES ('PS000022', 'ps000022_01@example.com');
INSERT INTO emails VALUES ('PS000026', 'ps000026_00@example.com');
INSERT INTO emails VALUES ('PS000026', 'ps000026_01@example.com');
INSERT INTO emails VALUES ('PS000028', 'ps000028_00@example.com');
INSERT INTO emails VALUES ('PS000030', 'ps000030_00@example.com');
INSERT INTO emails VALUES ('PS000031', 'ps000031_00@example.com');
INSERT INTO emails VALUES ('PS000031', 'ps000031_01@example.com');
INSERT INTO emails VALUES ('PS000033', 'ps000033_00@example.com');
INSERT INTO emails VALUES ('PS000036', 'ps000036_00@example.com');
INSERT INTO emails VALUES ('PS000037', 'ps000037_00@example.com');
INSERT INTO emails VALUES ('PS000038', 'ps000038_00@example.com');
INSERT INTO emails VALUES ('PS000039', 'ps000039_00@example.com');
INSERT INTO emails VALUES ('PS000041', 'ps000041_00@example.com');
INSERT INTO emails VALUES ('PS000042', 'ps000042_00@example.com');
INSERT INTO emails VALUES ('PS000042', 'ps000042_01@example.com');
INSERT INTO emails VALUES ('PS000045', 'ps000045_00@example.com');
INSERT INTO emails VALUES ('PS000045', 'ps000045_01@example.com');
INSERT INTO emails VALUES ('PS000046', 'ps000046_00@example.com');
INSERT INTO emails VALUES ('PS000047', 'ps000047_00@example.com');
INSERT INTO emails VALUES ('PS000047', 'ps000047_01@example.com');
INSERT INTO emails VALUES ('PS000048', 'ps000048_00@example.com');
INSERT INTO emails VALUES ('PS000051', 'ps000051_00@example.com');
INSERT INTO emails VALUES ('PS000051', 'ps000051_01@example.com');
INSERT INTO emails VALUES ('PS000052', 'ps000052_00@example.com');
INSERT INTO emails VALUES ('PS000052', 'ps000052_01@example.com');
INSERT INTO emails VALUES ('PS000053', 'ps000053_00@example.com');
INSERT INTO emails VALUES ('PS000054', 'ps000054_00@example.com');
INSERT INTO emails VALUES ('PS000054', 'ps000054_01@example.com');
INSERT INTO emails VALUES ('PS000055', 'ps000055_00@example.com');
INSERT INTO emails VALUES ('PS000055', 'ps000055_01@example.com');
INSERT INTO emails VALUES ('PS000056', 'ps000056_00@example.com');
INSERT INTO emails VALUES ('PS000057', 'ps000057_00@example.com');
INSERT INTO emails VALUES ('PS000059', 'ps000059_00@example.com');
INSERT INTO emails VALUES ('PS000060', 'ps000060_00@example.com');
INSERT INTO emails VALUES ('PS000060', 'ps000060_01@example.com');
INSERT INTO emails VALUES ('PS000061', 'ps000061_00@example.com');
INSERT INTO emails VALUES ('PS000061', 'ps000061_01@example.com');
INSERT INTO emails VALUES ('PS000062', 'ps000062_00@example.com');
INSERT INTO emails VALUES ('PS000064', 'ps000064_00@example.com');
INSERT INTO emails VALUES ('PS000065', 'ps000065_00@example.com');
INSERT INTO emails VALUES ('PS000065', 'ps000065_01@example.com');
INSERT INTO emails VALUES ('PS000067', 'ps000067_00@example.com');
INSERT INTO emails VALUES ('PS000067', 'ps000067_01@example.com');
INSERT INTO emails VALUES ('PS000068', 'ps000068_00@example.com');
INSERT INTO emails VALUES ('PS000069', 'ps000069_00@example.com');
INSERT INTO emails VALUES ('PS000069', 'ps000069_01@example.com');
INSERT INTO emails VALUES ('PS000070', 'ps000070_00@example.com');
INSERT INTO emails VALUES ('PS000070', 'ps000070_01@example.com');
INSERT INTO emails VALUES ('PS000072', 'ps000072_00@example.com');
INSERT INTO emails VALUES ('PS000074', 'ps000074_00@example.com');
INSERT INTO emails VALUES ('PS000078', 'ps000078_00@example.com');
INSERT INTO emails VALUES ('PS000079', 'ps000079_00@example.com');
INSERT INTO emails VALUES ('PS000079', 'ps000079_01@example.com');
INSERT INTO emails VALUES ('PS000080', 'ps000080_00@example.com');
INSERT INTO emails VALUES ('PS000082', 'ps000082_00@example.com');
INSERT INTO emails VALUES ('PS000082', 'ps000082_01@example.com');
INSERT INTO emails VALUES ('PS000083', 'ps000083_00@example.com');
INSERT INTO emails VALUES ('PS000083', 'ps000083_01@example.com');
INSERT INTO emails VALUES ('PS000084', 'ps000084_00@example.com');
INSERT INTO emails VALUES ('PS000088', 'ps000088_00@example.com');
INSERT INTO emails VALUES ('PS000088', 'ps000088_01@example.com');
INSERT INTO emails VALUES ('PS000091', 'ps000091_00@example.com');
INSERT INTO emails VALUES ('PS000092', 'ps000092_00@example.com');
INSERT INTO emails VALUES ('PS000093', 'ps000093_00@example.com');
INSERT INTO emails VALUES ('PS000093', 'ps000093_01@example.com');
INSERT INTO emails VALUES ('PS000095', 'ps000095_00@example.com');
INSERT INTO emails VALUES ('PS000095', 'ps000095_01@example.com');
INSERT INTO emails VALUES ('PS000096', 'ps000096_00@example.com');
INSERT INTO emails VALUES ('PS000097', 'ps000097_00@example.com');
INSERT INTO emails VALUES ('PS000098', 'ps000098_00@example.com');
INSERT INTO emails VALUES ('PS000100', 'ps000100_00@example.com');
INSERT INTO emails VALUES ('PS000100', 'ps000100_01@example.com');
INSERT INTO emails VALUES ('PS000101', 'ps000101_00@example.com');
INSERT INTO emails VALUES ('PS000102', 'ps000102_00@example.com');
INSERT INTO emails VALUES ('PS000104', 'ps000104_00@example.com');
INSERT INTO emails VALUES ('PS000104', 'ps000104_01@example.com');
INSERT INTO emails VALUES ('PS000107', 'ps000107_00@example.com');
INSERT INTO emails VALUES ('PS000108', 'ps000108_00@example.com');
INSERT INTO emails VALUES ('PS000108', 'ps000108_01@example.com');
INSERT INTO emails VALUES ('PS000110', 'ps000110_00@example.com');
INSERT INTO emails VALUES ('PS000112', 'ps000112_00@example.com');
INSERT INTO emails VALUES ('PS000113', 'ps000113_00@example.com');
INSERT INTO emails VALUES ('PS000114', 'ps000114_00@example.com');
INSERT INTO emails VALUES ('PS000116', 'ps000116_00@example.com');
INSERT INTO emails VALUES ('PS000117', 'ps000117_00@example.com');
INSERT INTO emails VALUES ('PS000118', 'ps000118_00@example.com');
INSERT INTO emails VALUES ('PS000120', 'ps000120_00@example.com');
INSERT INTO emails VALUES ('PS000122', 'ps000122_00@example.com');
INSERT INTO emails VALUES ('PS000123', 'ps000123_00@example.com');
INSERT INTO emails VALUES ('PS000123', 'ps000123_01@example.com');
INSERT INTO emails VALUES ('PS000124', 'ps000124_00@example.com');
INSERT INTO emails VALUES ('PS000126', 'ps000126_00@example.com');
INSERT INTO emails VALUES ('PS000127', 'ps000127_00@example.com');
INSERT INTO emails VALUES ('PS000127', 'ps000127_01@example.com');
INSERT INTO emails VALUES ('PS000129', 'ps000129_00@example.com');
INSERT INTO emails VALUES ('PS000130', 'ps000130_00@example.com');
INSERT INTO emails VALUES ('PS000131', 'ps000131_00@example.com');
INSERT INTO emails VALUES ('PS000131', 'ps000131_01@example.com');
INSERT INTO emails VALUES ('PS000134', 'ps000134_00@example.com');
INSERT INTO emails VALUES ('PS000134', 'ps000134_01@example.com');
INSERT INTO emails VALUES ('PS000135', 'ps000135_00@example.com');
INSERT INTO emails VALUES ('PS000136', 'ps000136_00@example.com');
INSERT INTO emails VALUES ('PS000139', 'ps000139_00@example.com');
INSERT INTO emails VALUES ('PS000139', 'ps000139_01@example.com');
INSERT INTO emails VALUES ('PS000140', 'ps000140_00@example.com');
INSERT INTO emails VALUES ('PS000141', 'ps000141_00@example.com');
INSERT INTO emails VALUES ('PS000141', 'ps000141_01@example.com');
INSERT INTO emails VALUES ('PS000143', 'ps000143_00@example.com');
INSERT INTO emails VALUES ('PS000144', 'ps000144_00@example.com');
INSERT INTO emails VALUES ('PS000144', 'ps000144_01@example.com');
INSERT INTO emails VALUES ('PS000145', 'ps000145_00@example.com');
INSERT INTO emails VALUES ('PS000147', 'ps000147_00@example.com');
INSERT INTO emails VALUES ('PS000147', 'ps000147_01@example.com');
INSERT INTO emails VALUES ('PS000148', 'ps000148_00@example.com');
INSERT INTO emails VALUES ('PS000148', 'ps000148_01@example.com');
INSERT INTO emails VALUES ('PS000149', 'ps000149_00@example.com');
INSERT INTO emails VALUES ('PS000149', 'ps000149_01@example.com');
INSERT INTO emails VALUES ('PS000151', 'ps000151_00@example.com');
INSERT INTO emails VALUES ('PS000151', 'ps000151_01@example.com');
INSERT INTO emails VALUES ('PS000152', 'ps000152_00@example.com');
INSERT INTO emails VALUES ('PS000154', 'ps000154_00@example.com');
INSERT INTO emails VALUES ('PS000159', 'ps000159_00@example.com');
INSERT INTO emails VALUES ('PS000160', 'ps000160_00@example.com');
INSERT INTO emails VALUES ('PS000160', 'ps000160_01@example.com');
INSERT INTO emails VALUES ('PS000161', 'ps000161_00@example.com');
INSERT INTO emails VALUES ('PS000161', 'ps000161_01@example.com');
INSERT INTO emails VALUES ('PS000162', 'ps000162_00@example.com');
INSERT INTO emails VALUES ('PS000162', 'ps000162_01@example.com');
INSERT INTO emails VALUES ('PS000163', 'ps000163_00@example.com');
INSERT INTO emails VALUES ('PS000163', 'ps000163_01@example.com');
INSERT INTO emails VALUES ('PS000164', 'ps000164_00@example.com');
INSERT INTO emails VALUES ('PS000164', 'ps000164_01@example.com');
INSERT INTO emails VALUES ('PS000168', 'ps000168_00@example.com');
INSERT INTO emails VALUES ('PS000169', 'ps000169_00@example.com');
INSERT INTO emails VALUES ('PS000170', 'ps000170_00@example.com');
INSERT INTO emails VALUES ('PS000171', 'ps000171_00@example.com');
INSERT INTO emails VALUES ('PS000171', 'ps000171_01@example.com');
INSERT INTO emails VALUES ('PS000172', 'ps000172_00@example.com');
INSERT INTO emails VALUES ('PS000174', 'ps000174_00@example.com');
INSERT INTO emails VALUES ('PS000176', 'ps000176_00@example.com');
INSERT INTO emails VALUES ('PS000177', 'ps000177_00@example.com');
INSERT INTO emails VALUES ('PS000178', 'ps000178_00@example.com');
INSERT INTO emails VALUES ('PS000178', 'ps000178_01@example.com');
INSERT INTO emails VALUES ('PS000181', 'ps000181_00@example.com');
INSERT INTO emails VALUES ('PS000182', 'ps000182_00@example.com');
INSERT INTO emails VALUES ('PS000182', 'ps000182_01@example.com');
INSERT INTO emails VALUES ('PS000185', 'ps000185_00@example.com');
INSERT INTO emails VALUES ('PS000187', 'ps000187_00@example.com');
INSERT INTO emails VALUES ('PS000189', 'ps000189_00@example.com');
INSERT INTO emails VALUES ('PS000191', 'ps000191_00@example.com');
INSERT INTO emails VALUES ('PS000194', 'ps000194_00@example.com');
INSERT INTO emails VALUES ('PS000195', 'ps000195_00@example.com');
INSERT INTO emails VALUES ('PS000196', 'ps000196_00@example.com');
INSERT INTO emails VALUES ('PS000196', 'ps000196_01@example.com');
INSERT INTO emails VALUES ('PS000199', 'ps000199_00@example.com');
INSERT INTO emails VALUES ('PS000199', 'ps000199_01@example.com');
INSERT INTO emails VALUES ('PS000201', 'ps000201_00@example.com');
INSERT INTO emails VALUES ('PS000202', 'ps000202_00@example.com');
INSERT INTO emails VALUES ('PS000202', 'ps000202_01@example.com');
INSERT INTO emails VALUES ('PS000203', 'ps000203_00@example.com');
INSERT INTO emails VALUES ('PS000203', 'ps000203_01@example.com');
INSERT INTO emails VALUES ('PS000204', 'ps000204_00@example.com');
INSERT INTO emails VALUES ('PS000205', 'ps000205_00@example.com');
INSERT INTO emails VALUES ('PS000206', 'ps000206_00@example.com');
INSERT INTO emails VALUES ('PS000206', 'ps000206_01@example.com');
INSERT INTO emails VALUES ('PS000209', 'ps000209_00@example.com');
INSERT INTO emails VALUES ('PS000210', 'ps000210_00@example.com');
INSERT INTO emails VALUES ('PS000211', 'ps000211_00@example.com');
INSERT INTO emails VALUES ('PS000213', 'ps000213_00@example.com');
INSERT INTO emails VALUES ('PS000217', 'ps000217_00@example.com');
INSERT INTO emails VALUES ('PS000217', 'ps000217_01@example.com');
INSERT INTO emails VALUES ('PS000219', 'ps000219_00@example.com');
INSERT INTO emails VALUES ('PS000220', 'ps000220_00@example.com');
INSERT INTO emails VALUES ('PS000220', 'ps000220_01@example.com');
INSERT INTO emails VALUES ('PS000221', 'ps000221_00@example.com');
INSERT INTO emails VALUES ('PS000221', 'ps000221_01@example.com');
INSERT INTO emails VALUES ('PS000223', 'ps000223_00@example.com');
INSERT INTO emails VALUES ('PS000225', 'ps000225_00@example.com');
INSERT INTO emails VALUES ('PS000227', 'ps000227_00@example.com');
INSERT INTO emails VALUES ('PS000229', 'ps000229_00@example.com');
INSERT INTO emails VALUES ('PS000229', 'ps000229_01@example.com');
INSERT INTO emails VALUES ('PS000234', 'ps000234_00@example.com');
INSERT INTO emails VALUES ('PS000234', 'ps000234_01@example.com');
INSERT INTO emails VALUES ('PS000235', 'ps000235_00@example.com');
INSERT INTO emails VALUES ('PS000238', 'ps000238_00@example.com');
INSERT INTO emails VALUES ('PS000239', 'ps000239_00@example.com');
INSERT INTO emails VALUES ('PS000239', 'ps000239_01@example.com');
INSERT INTO emails VALUES ('PS000241', 'ps000241_00@example.com');
INSERT INTO emails VALUES ('PS000241', 'ps000241_01@example.com');
INSERT INTO emails VALUES ('PS000242', 'ps000242_00@example.com');
INSERT INTO emails VALUES ('PS000243', 'ps000243_00@example.com');
INSERT INTO emails VALUES ('PS000243', 'ps000243_01@example.com');
INSERT INTO emails VALUES ('PS000245', 'ps000245_00@example.com');
INSERT INTO emails VALUES ('PS000246', 'ps000246_00@example.com');
-- INSERT INTO emails VALUES ('PS', '');

INSERT INTO roles VALUES ('PS000001', 'music');
INSERT INTO roles VALUES ('PS000001', 'dance');
INSERT INTO roles VALUES ('PS000002', 'music');
INSERT INTO roles VALUES ('PS000003', 'dance');
INSERT INTO roles VALUES ('PS000004', 'dance');
INSERT INTO roles VALUES ('PS000005', 'dance');
INSERT INTO roles VALUES ('PS000005', 'music');
INSERT INTO roles VALUES ('PS000006', 'music');
INSERT INTO roles VALUES ('PS000006', 'dance');
INSERT INTO roles VALUES ('PS000007', 'music');
INSERT INTO roles VALUES ('PS000008', 'music');
INSERT INTO roles VALUES ('PS000009', 'music');
INSERT INTO roles VALUES ('PS000009', 'dance');
INSERT INTO roles VALUES ('PS000010', 'dance');
INSERT INTO roles VALUES ('PS000011', 'music');
INSERT INTO roles VALUES ('PS000011', 'dance');
INSERT INTO roles VALUES ('PS000012', 'dance');
INSERT INTO roles VALUES ('PS000013', 'music');
INSERT INTO roles VALUES ('PS000013', 'dance');
INSERT INTO roles VALUES ('PS000014', 'dance');
INSERT INTO roles VALUES ('PS000015', 'dance');
INSERT INTO roles VALUES ('PS000015', 'music');
INSERT INTO roles VALUES ('PS000016', 'music');
INSERT INTO roles VALUES ('PS000017', 'dance');
INSERT INTO roles VALUES ('PS000018', 'dance');
INSERT INTO roles VALUES ('PS000019', 'dance');
INSERT INTO roles VALUES ('PS000020', 'dance');
INSERT INTO roles VALUES ('PS000021', 'dance');
INSERT INTO roles VALUES ('PS000021', 'music');
INSERT INTO roles VALUES ('PS000022', 'music');
INSERT INTO roles VALUES ('PS000022', 'dance');
INSERT INTO roles VALUES ('PS000023', 'music');
INSERT INTO roles VALUES ('PS000024', 'dance');
INSERT INTO roles VALUES ('PS000025', 'dance');
INSERT INTO roles VALUES ('PS000025', 'music');
INSERT INTO roles VALUES ('PS000026', 'music');
INSERT INTO roles VALUES ('PS000026', 'dance');
INSERT INTO roles VALUES ('PS000027', 'dance');
INSERT INTO roles VALUES ('PS000028', 'music');
INSERT INTO roles VALUES ('PS000029', 'dance');
INSERT INTO roles VALUES ('PS000030', 'music');
INSERT INTO roles VALUES ('PS000030', 'dance');
INSERT INTO roles VALUES ('PS000031', 'music');
INSERT INTO roles VALUES ('PS000032', 'dance');
INSERT INTO roles VALUES ('PS000032', 'music');
INSERT INTO roles VALUES ('PS000033', 'music');
INSERT INTO roles VALUES ('PS000033', 'dance');
INSERT INTO roles VALUES ('PS000034', 'dance');
INSERT INTO roles VALUES ('PS000035', 'dance');
INSERT INTO roles VALUES ('PS000035', 'music');
INSERT INTO roles VALUES ('PS000036', 'music');
INSERT INTO roles VALUES ('PS000036', 'dance');
INSERT INTO roles VALUES ('PS000037', 'dance');
INSERT INTO roles VALUES ('PS000038', 'dance');
INSERT INTO roles VALUES ('PS000039', 'dance');
INSERT INTO roles VALUES ('PS000040', 'dance');
INSERT INTO roles VALUES ('PS000041', 'dance');
INSERT INTO roles VALUES ('PS000042', 'dance');
INSERT INTO roles VALUES ('PS000042', 'music');
INSERT INTO roles VALUES ('PS000043', 'dance');
INSERT INTO roles VALUES ('PS000044', 'music');
INSERT INTO roles VALUES ('PS000045', 'dance');
INSERT INTO roles VALUES ('PS000045', 'music');
INSERT INTO roles VALUES ('PS000046', 'music');
INSERT INTO roles VALUES ('PS000047', 'dance');
INSERT INTO roles VALUES ('PS000048', 'music');
INSERT INTO roles VALUES ('PS000049', 'music');
INSERT INTO roles VALUES ('PS000049', 'dance');
INSERT INTO roles VALUES ('PS000050', 'dance');
INSERT INTO roles VALUES ('PS000050', 'music');
INSERT INTO roles VALUES ('PS000051', 'dance');
INSERT INTO roles VALUES ('PS000051', 'music');
INSERT INTO roles VALUES ('PS000052', 'dance');
INSERT INTO roles VALUES ('PS000052', 'music');
INSERT INTO roles VALUES ('PS000053', 'dance');
INSERT INTO roles VALUES ('PS000053', 'music');
INSERT INTO roles VALUES ('PS000054', 'music');
INSERT INTO roles VALUES ('PS000055', 'dance');
INSERT INTO roles VALUES ('PS000055', 'music');
INSERT INTO roles VALUES ('PS000056', 'dance');
INSERT INTO roles VALUES ('PS000057', 'dance');
INSERT INTO roles VALUES ('PS000058', 'dance');
INSERT INTO roles VALUES ('PS000059', 'dance');
INSERT INTO roles VALUES ('PS000060', 'music');
INSERT INTO roles VALUES ('PS000060', 'dance');
INSERT INTO roles VALUES ('PS000061', 'dance');
INSERT INTO roles VALUES ('PS000062', 'dance');
INSERT INTO roles VALUES ('PS000063', 'music');
INSERT INTO roles VALUES ('PS000063', 'dance');
INSERT INTO roles VALUES ('PS000064', 'dance');
INSERT INTO roles VALUES ('PS000065', 'dance');
INSERT INTO roles VALUES ('PS000066', 'music');
INSERT INTO roles VALUES ('PS000067', 'dance');
INSERT INTO roles VALUES ('PS000067', 'music');
INSERT INTO roles VALUES ('PS000068', 'music');
INSERT INTO roles VALUES ('PS000068', 'dance');
INSERT INTO roles VALUES ('PS000069', 'music');
INSERT INTO roles VALUES ('PS000070', 'music');
INSERT INTO roles VALUES ('PS000071', 'dance');
INSERT INTO roles VALUES ('PS000072', 'music');
INSERT INTO roles VALUES ('PS000072', 'dance');
INSERT INTO roles VALUES ('PS000073', 'dance');
INSERT INTO roles VALUES ('PS000073', 'music');
INSERT INTO roles VALUES ('PS000074', 'music');
INSERT INTO roles VALUES ('PS000074', 'dance');
INSERT INTO roles VALUES ('PS000075', 'dance');
INSERT INTO roles VALUES ('PS000076', 'dance');
INSERT INTO roles VALUES ('PS000077', 'dance');
INSERT INTO roles VALUES ('PS000078', 'dance');
INSERT INTO roles VALUES ('PS000079', 'music');
INSERT INTO roles VALUES ('PS000080', 'music');
INSERT INTO roles VALUES ('PS000080', 'dance');
INSERT INTO roles VALUES ('PS000081', 'music');
INSERT INTO roles VALUES ('PS000082', 'dance');
INSERT INTO roles VALUES ('PS000083', 'dance');
INSERT INTO roles VALUES ('PS000083', 'music');
INSERT INTO roles VALUES ('PS000084', 'dance');
INSERT INTO roles VALUES ('PS000084', 'music');
INSERT INTO roles VALUES ('PS000085', 'music');
INSERT INTO roles VALUES ('PS000085', 'dance');
INSERT INTO roles VALUES ('PS000086', 'dance');
INSERT INTO roles VALUES ('PS000087', 'dance');
INSERT INTO roles VALUES ('PS000088', 'music');
INSERT INTO roles VALUES ('PS000088', 'dance');
INSERT INTO roles VALUES ('PS000089', 'dance');
INSERT INTO roles VALUES ('PS000090', 'dance');
INSERT INTO roles VALUES ('PS000091', 'music');
INSERT INTO roles VALUES ('PS000091', 'dance');
INSERT INTO roles VALUES ('PS000092', 'music');
INSERT INTO roles VALUES ('PS000093', 'dance');
INSERT INTO roles VALUES ('PS000093', 'music');
INSERT INTO roles VALUES ('PS000094', 'dance');
INSERT INTO roles VALUES ('PS000095', 'music');
INSERT INTO roles VALUES ('PS000096', 'music');
INSERT INTO roles VALUES ('PS000097', 'music');
INSERT INTO roles VALUES ('PS000098', 'dance');
INSERT INTO roles VALUES ('PS000099', 'music');
INSERT INTO roles VALUES ('PS000100', 'dance');
INSERT INTO roles VALUES ('PS000101', 'dance');
INSERT INTO roles VALUES ('PS000102', 'music');
INSERT INTO roles VALUES ('PS000102', 'dance');
INSERT INTO roles VALUES ('PS000103', 'music');
INSERT INTO roles VALUES ('PS000103', 'dance');
INSERT INTO roles VALUES ('PS000104', 'dance');
INSERT INTO roles VALUES ('PS000104', 'music');
INSERT INTO roles VALUES ('PS000105', 'music');
INSERT INTO roles VALUES ('PS000105', 'dance');
INSERT INTO roles VALUES ('PS000106', 'music');
INSERT INTO roles VALUES ('PS000107', 'dance');
INSERT INTO roles VALUES ('PS000108', 'dance');
INSERT INTO roles VALUES ('PS000109', 'music');
INSERT INTO roles VALUES ('PS000109', 'dance');
INSERT INTO roles VALUES ('PS000110', 'dance');
INSERT INTO roles VALUES ('PS000111', 'dance');
INSERT INTO roles VALUES ('PS000112', 'dance');
INSERT INTO roles VALUES ('PS000113', 'dance');
INSERT INTO roles VALUES ('PS000114', 'dance');
INSERT INTO roles VALUES ('PS000115', 'dance');
INSERT INTO roles VALUES ('PS000116', 'dance');
INSERT INTO roles VALUES ('PS000117', 'music');
INSERT INTO roles VALUES ('PS000117', 'dance');
INSERT INTO roles VALUES ('PS000118', 'dance');
INSERT INTO roles VALUES ('PS000118', 'music');
INSERT INTO roles VALUES ('PS000119', 'music');
INSERT INTO roles VALUES ('PS000119', 'dance');
INSERT INTO roles VALUES ('PS000120', 'dance');
INSERT INTO roles VALUES ('PS000120', 'music');
INSERT INTO roles VALUES ('PS000121', 'dance');
INSERT INTO roles VALUES ('PS000122', 'music');
INSERT INTO roles VALUES ('PS000123', 'music');
INSERT INTO roles VALUES ('PS000124', 'dance');
INSERT INTO roles VALUES ('PS000124', 'music');
INSERT INTO roles VALUES ('PS000125', 'music');
INSERT INTO roles VALUES ('PS000125', 'dance');
INSERT INTO roles VALUES ('PS000126', 'dance');
INSERT INTO roles VALUES ('PS000127', 'music');
INSERT INTO roles VALUES ('PS000128', 'music');
INSERT INTO roles VALUES ('PS000128', 'dance');
INSERT INTO roles VALUES ('PS000129', 'dance');
INSERT INTO roles VALUES ('PS000130', 'music');
INSERT INTO roles VALUES ('PS000130', 'dance');
INSERT INTO roles VALUES ('PS000131', 'dance');
INSERT INTO roles VALUES ('PS000131', 'music');
INSERT INTO roles VALUES ('PS000132', 'dance');
INSERT INTO roles VALUES ('PS000132', 'music');
INSERT INTO roles VALUES ('PS000133', 'music');
INSERT INTO roles VALUES ('PS000134', 'dance');
INSERT INTO roles VALUES ('PS000135', 'dance');
INSERT INTO roles VALUES ('PS000136', 'music');
INSERT INTO roles VALUES ('PS000136', 'dance');
INSERT INTO roles VALUES ('PS000137', 'dance');
INSERT INTO roles VALUES ('PS000137', 'music');
INSERT INTO roles VALUES ('PS000138', 'dance');
INSERT INTO roles VALUES ('PS000138', 'music');
INSERT INTO roles VALUES ('PS000139', 'dance');
INSERT INTO roles VALUES ('PS000140', 'music');
INSERT INTO roles VALUES ('PS000141', 'music');
INSERT INTO roles VALUES ('PS000141', 'dance');
INSERT INTO roles VALUES ('PS000142', 'music');
INSERT INTO roles VALUES ('PS000143', 'music');
INSERT INTO roles VALUES ('PS000144', 'music');
INSERT INTO roles VALUES ('PS000144', 'dance');
INSERT INTO roles VALUES ('PS000145', 'music');
INSERT INTO roles VALUES ('PS000145', 'dance');
INSERT INTO roles VALUES ('PS000146', 'music');
INSERT INTO roles VALUES ('PS000147', 'music');
-- INSERT INTO roles VALUES ('PS', '');

INSERT INTO instruments VALUES ('PS000001', '笛');
INSERT INTO instruments VALUES ('PS000001', '締太鼓');
INSERT INTO instruments VALUES ('PS000001', '鉦');
INSERT INTO instruments VALUES ('PS000002', '竹太鼓');
INSERT INTO instruments VALUES ('PS000002', '締太鼓');
INSERT INTO instruments VALUES ('PS000004', '笛');
INSERT INTO instruments VALUES ('PS000004', '三味線');
INSERT INTO instruments VALUES ('PS000004', '締太鼓');
INSERT INTO instruments VALUES ('PS000005', '竹太鼓');
INSERT INTO instruments VALUES ('PS000005', '鉦');
INSERT INTO instruments VALUES ('PS000005', '締太鼓');
INSERT INTO instruments VALUES ('PS000006', '大太鼓');
INSERT INTO instruments VALUES ('PS000006', '三味線');
INSERT INTO instruments VALUES ('PS000007', '竹太鼓');
INSERT INTO instruments VALUES ('PS000008', '竹太鼓');
INSERT INTO instruments VALUES ('PS000008', '鼓');
INSERT INTO instruments VALUES ('PS000008', '大太鼓');
INSERT INTO instruments VALUES ('PS000009', '鉦');
INSERT INTO instruments VALUES ('PS000009', '笛');
INSERT INTO instruments VALUES ('PS000009', '鼓');
INSERT INTO instruments VALUES ('PS000010', '三味線');
INSERT INTO instruments VALUES ('PS000011', '竹太鼓');
INSERT INTO instruments VALUES ('PS000011', '三味線');
INSERT INTO instruments VALUES ('PS000012', '鉦');
INSERT INTO instruments VALUES ('PS000012', '笛');
INSERT INTO instruments VALUES ('PS000012', '大太鼓');
INSERT INTO instruments VALUES ('PS000013', '三味線');
INSERT INTO instruments VALUES ('PS000014', '三味線');
INSERT INTO instruments VALUES ('PS000015', '鼓');
INSERT INTO instruments VALUES ('PS000016', '鼓');
INSERT INTO instruments VALUES ('PS000017', '竹太鼓');
INSERT INTO instruments VALUES ('PS000017', '鼓');
INSERT INTO instruments VALUES ('PS000019', '鼓');
INSERT INTO instruments VALUES ('PS000019', '締太鼓');
INSERT INTO instruments VALUES ('PS000019', '大太鼓');
INSERT INTO instruments VALUES ('PS000020', '鉦');
INSERT INTO instruments VALUES ('PS000021', '三味線');
INSERT INTO instruments VALUES ('PS000022', '大太鼓');
INSERT INTO instruments VALUES ('PS000022', '締太鼓');
INSERT INTO instruments VALUES ('PS000022', '竹太鼓');
INSERT INTO instruments VALUES ('PS000023', '竹太鼓');
INSERT INTO instruments VALUES ('PS000023', '締太鼓');
INSERT INTO instruments VALUES ('PS000024', '締太鼓');
INSERT INTO instruments VALUES ('PS000024', '竹太鼓');
INSERT INTO instruments VALUES ('PS000024', '三味線');
INSERT INTO instruments VALUES ('PS000025', '竹太鼓');
INSERT INTO instruments VALUES ('PS000025', '笛');
INSERT INTO instruments VALUES ('PS000025', '三味線');
INSERT INTO instruments VALUES ('PS000026', '大太鼓');
INSERT INTO instruments VALUES ('PS000027', '鼓');
INSERT INTO instruments VALUES ('PS000027', '三味線');
INSERT INTO instruments VALUES ('PS000028', '鉦');
INSERT INTO instruments VALUES ('PS000028', '笛');
INSERT INTO instruments VALUES ('PS000028', '三味線');
INSERT INTO instruments VALUES ('PS000029', '締太鼓');
INSERT INTO instruments VALUES ('PS000030', '鉦');
INSERT INTO instruments VALUES ('PS000030', '大太鼓');
INSERT INTO instruments VALUES ('PS000031', '笛');
INSERT INTO instruments VALUES ('PS000032', '三味線');
INSERT INTO instruments VALUES ('PS000033', '大太鼓');
INSERT INTO instruments VALUES ('PS000033', '鉦');
INSERT INTO instruments VALUES ('PS000034', '鉦');
INSERT INTO instruments VALUES ('PS000034', '鼓');
INSERT INTO instruments VALUES ('PS000034', '締太鼓');
INSERT INTO instruments VALUES ('PS000035', '竹太鼓');
INSERT INTO instruments VALUES ('PS000036', '鉦');
INSERT INTO instruments VALUES ('PS000036', '締太鼓');
INSERT INTO instruments VALUES ('PS000037', '笛');
INSERT INTO instruments VALUES ('PS000037', '鉦');
INSERT INTO instruments VALUES ('PS000038', '鼓');
INSERT INTO instruments VALUES ('PS000039', '三味線');
INSERT INTO instruments VALUES ('PS000040', '鉦');
INSERT INTO instruments VALUES ('PS000040', '大太鼓');
INSERT INTO instruments VALUES ('PS000041', '笛');
INSERT INTO instruments VALUES ('PS000042', '三味線');
INSERT INTO instruments VALUES ('PS000043', '鉦');
INSERT INTO instruments VALUES ('PS000043', '大太鼓');
INSERT INTO instruments VALUES ('PS000043', '三味線');
INSERT INTO instruments VALUES ('PS000044', '笛');
INSERT INTO instruments VALUES ('PS000044', '鼓');
INSERT INTO instruments VALUES ('PS000045', '鼓');
INSERT INTO instruments VALUES ('PS000046', '締太鼓');
INSERT INTO instruments VALUES ('PS000047', '笛');
INSERT INTO instruments VALUES ('PS000047', '三味線');
INSERT INTO instruments VALUES ('PS000048', '三味線');
INSERT INTO instruments VALUES ('PS000048', '大太鼓');
INSERT INTO instruments VALUES ('PS000049', '笛');
INSERT INTO instruments VALUES ('PS000049', '鉦');
INSERT INTO instruments VALUES ('PS000050', '大太鼓');
INSERT INTO instruments VALUES ('PS000051', '笛');
INSERT INTO instruments VALUES ('PS000052', '笛');
INSERT INTO instruments VALUES ('PS000052', '竹太鼓');
INSERT INTO instruments VALUES ('PS000053', '鼓');
INSERT INTO instruments VALUES ('PS000054', '竹太鼓');
INSERT INTO instruments VALUES ('PS000054', '大太鼓');
INSERT INTO instruments VALUES ('PS000055', '三味線');
INSERT INTO instruments VALUES ('PS000055', '鼓');
INSERT INTO instruments VALUES ('PS000055', '笛');
INSERT INTO instruments VALUES ('PS000056', '竹太鼓');
INSERT INTO instruments VALUES ('PS000056', '笛');
INSERT INTO instruments VALUES ('PS000056', '大太鼓');
INSERT INTO instruments VALUES ('PS000058', '鼓');
INSERT INTO instruments VALUES ('PS000058', '締太鼓');
INSERT INTO instruments VALUES ('PS000058', '笛');
INSERT INTO instruments VALUES ('PS000059', '締太鼓');
INSERT INTO instruments VALUES ('PS000059', '三味線');
INSERT INTO instruments VALUES ('PS000059', '笛');
INSERT INTO instruments VALUES ('PS000060', '竹太鼓');
INSERT INTO instruments VALUES ('PS000060', '三味線');
INSERT INTO instruments VALUES ('PS000061', '鼓');
INSERT INTO instruments VALUES ('PS000062', '大太鼓');
INSERT INTO instruments VALUES ('PS000062', '三味線');
INSERT INTO instruments VALUES ('PS000063', '鼓');
INSERT INTO instruments VALUES ('PS000065', '三味線');
INSERT INTO instruments VALUES ('PS000065', '大太鼓');
INSERT INTO instruments VALUES ('PS000066', '笛');
INSERT INTO instruments VALUES ('PS000066', '大太鼓');
INSERT INTO instruments VALUES ('PS000066', '竹太鼓');
INSERT INTO instruments VALUES ('PS000067', '締太鼓');
INSERT INTO instruments VALUES ('PS000067', '三味線');
INSERT INTO instruments VALUES ('PS000068', '三味線');
INSERT INTO instruments VALUES ('PS000068', '竹太鼓');
INSERT INTO instruments VALUES ('PS000069', '笛');
INSERT INTO instruments VALUES ('PS000069', '鼓');
INSERT INTO instruments VALUES ('PS000069', '大太鼓');
INSERT INTO instruments VALUES ('PS000070', '鉦');
INSERT INTO instruments VALUES ('PS000070', '笛');
INSERT INTO instruments VALUES ('PS000070', '締太鼓');
INSERT INTO instruments VALUES ('PS000071', '大太鼓');
INSERT INTO instruments VALUES ('PS000071', '竹太鼓');
INSERT INTO instruments VALUES ('PS000072', '三味線');
INSERT INTO instruments VALUES ('PS000072', '鉦');
INSERT INTO instruments VALUES ('PS000073', '締太鼓');
INSERT INTO instruments VALUES ('PS000074', '締太鼓');
INSERT INTO instruments VALUES ('PS000074', '鼓');
INSERT INTO instruments VALUES ('PS000074', '大太鼓');
INSERT INTO instruments VALUES ('PS000075', '大太鼓');
INSERT INTO instruments VALUES ('PS000076', '三味線');
INSERT INTO instruments VALUES ('PS000076', '笛');
INSERT INTO instruments VALUES ('PS000076', '締太鼓');
INSERT INTO instruments VALUES ('PS000077', '三味線');
INSERT INTO instruments VALUES ('PS000077', '竹太鼓');
INSERT INTO instruments VALUES ('PS000078', '鼓');
INSERT INTO instruments VALUES ('PS000078', '締太鼓');
INSERT INTO instruments VALUES ('PS000078', '大太鼓');
INSERT INTO instruments VALUES ('PS000079', '三味線');
INSERT INTO instruments VALUES ('PS000079', '締太鼓');
INSERT INTO instruments VALUES ('PS000080', '竹太鼓');
INSERT INTO instruments VALUES ('PS000081', '笛');
INSERT INTO instruments VALUES ('PS000081', '鉦');
INSERT INTO instruments VALUES ('PS000083', '締太鼓');
INSERT INTO instruments VALUES ('PS000084', '鼓');
INSERT INTO instruments VALUES ('PS000085', '三味線');
INSERT INTO instruments VALUES ('PS000085', '鉦');
INSERT INTO instruments VALUES ('PS000086', '大太鼓');
INSERT INTO instruments VALUES ('PS000086', '笛');
INSERT INTO instruments VALUES ('PS000086', '三味線');
INSERT INTO instruments VALUES ('PS000088', '笛');
INSERT INTO instruments VALUES ('PS000090', '竹太鼓');
INSERT INTO instruments VALUES ('PS000090', '締太鼓');
INSERT INTO instruments VALUES ('PS000090', '大太鼓');
INSERT INTO instruments VALUES ('PS000091', '竹太鼓');
INSERT INTO instruments VALUES ('PS000091', '締太鼓');
INSERT INTO instruments VALUES ('PS000091', '鼓');
INSERT INTO instruments VALUES ('PS000092', '笛');
INSERT INTO instruments VALUES ('PS000092', '三味線');
INSERT INTO instruments VALUES ('PS000092', '締太鼓');
INSERT INTO instruments VALUES ('PS000093', '鉦');
INSERT INTO instruments VALUES ('PS000094', '三味線');
INSERT INTO instruments VALUES ('PS000094', '大太鼓');
INSERT INTO instruments VALUES ('PS000094', '鉦');
INSERT INTO instruments VALUES ('PS000095', '笛');
INSERT INTO instruments VALUES ('PS000095', '鉦');
INSERT INTO instruments VALUES ('PS000095', '三味線');
INSERT INTO instruments VALUES ('PS000096', '鼓');
INSERT INTO instruments VALUES ('PS000097', '鼓');
INSERT INTO instruments VALUES ('PS000097', '鉦');
INSERT INTO instruments VALUES ('PS000098', '大太鼓');
INSERT INTO instruments VALUES ('PS000098', '三味線');
INSERT INTO instruments VALUES ('PS000099', '三味線');
INSERT INTO instruments VALUES ('PS000099', '竹太鼓');
INSERT INTO instruments VALUES ('PS000099', '鼓');
INSERT INTO instruments VALUES ('PS000100', '笛');
INSERT INTO instruments VALUES ('PS000100', '三味線');
INSERT INTO instruments VALUES ('PS000102', '竹太鼓');
INSERT INTO instruments VALUES ('PS000102', '鼓');
INSERT INTO instruments VALUES ('PS000103', '鉦');
INSERT INTO instruments VALUES ('PS000103', '笛');
INSERT INTO instruments VALUES ('PS000103', '大太鼓');
INSERT INTO instruments VALUES ('PS000104', '鉦');
INSERT INTO instruments VALUES ('PS000105', '大太鼓');
INSERT INTO instruments VALUES ('PS000105', '笛');
INSERT INTO instruments VALUES ('PS000106', '締太鼓');
INSERT INTO instruments VALUES ('PS000106', '三味線');
INSERT INTO instruments VALUES ('PS000106', '鼓');
INSERT INTO instruments VALUES ('PS000107', '竹太鼓');
INSERT INTO instruments VALUES ('PS000107', '鉦');
INSERT INTO instruments VALUES ('PS000108', '竹太鼓');
INSERT INTO instruments VALUES ('PS000109', '締太鼓');
INSERT INTO instruments VALUES ('PS000111', '三味線');
INSERT INTO instruments VALUES ('PS000111', '笛');
INSERT INTO instruments VALUES ('PS000111', '鉦');
INSERT INTO instruments VALUES ('PS000112', '鉦');
INSERT INTO instruments VALUES ('PS000112', '締太鼓');
INSERT INTO instruments VALUES ('PS000112', '大太鼓');
INSERT INTO instruments VALUES ('PS000113', '鼓');
INSERT INTO instruments VALUES ('PS000113', '三味線');
INSERT INTO instruments VALUES ('PS000114', '笛');
INSERT INTO instruments VALUES ('PS000114', '大太鼓');
INSERT INTO instruments VALUES ('PS000115', '竹太鼓');
INSERT INTO instruments VALUES ('PS000115', '鉦');
INSERT INTO instruments VALUES ('PS000116', '大太鼓');
INSERT INTO instruments VALUES ('PS000116', '竹太鼓');
INSERT INTO instruments VALUES ('PS000116', '鉦');
INSERT INTO instruments VALUES ('PS000117', '竹太鼓');
INSERT INTO instruments VALUES ('PS000117', '笛');
INSERT INTO instruments VALUES ('PS000117', '大太鼓');
INSERT INTO instruments VALUES ('PS000118', '鉦');
INSERT INTO instruments VALUES ('PS000119', '大太鼓');
INSERT INTO instruments VALUES ('PS000119', '竹太鼓');
INSERT INTO instruments VALUES ('PS000119', '笛');
INSERT INTO instruments VALUES ('PS000120', '竹太鼓');
INSERT INTO instruments VALUES ('PS000120', '笛');
INSERT INTO instruments VALUES ('PS000122', '竹太鼓');
INSERT INTO instruments VALUES ('PS000122', '締太鼓');
INSERT INTO instruments VALUES ('PS000122', '鉦');
INSERT INTO instruments VALUES ('PS000123', '鉦');
INSERT INTO instruments VALUES ('PS000123', '竹太鼓');
INSERT INTO instruments VALUES ('PS000124', '鼓');
INSERT INTO instruments VALUES ('PS000124', '鉦');
INSERT INTO instruments VALUES ('PS000124', '締太鼓');
INSERT INTO instruments VALUES ('PS000125', '鉦');
INSERT INTO instruments VALUES ('PS000125', '三味線');
INSERT INTO instruments VALUES ('PS000126', '笛');
INSERT INTO instruments VALUES ('PS000126', '竹太鼓');
INSERT INTO instruments VALUES ('PS000127', '鉦');
INSERT INTO instruments VALUES ('PS000127', '鼓');
INSERT INTO instruments VALUES ('PS000128', '三味線');
INSERT INTO instruments VALUES ('PS000129', '締太鼓');
INSERT INTO instruments VALUES ('PS000129', '笛');
INSERT INTO instruments VALUES ('PS000130', '大太鼓');
INSERT INTO instruments VALUES ('PS000130', '鼓');
INSERT INTO instruments VALUES ('PS000130', '笛');
INSERT INTO instruments VALUES ('PS000131', '三味線');
INSERT INTO instruments VALUES ('PS000132', '三味線');
INSERT INTO instruments VALUES ('PS000132', '笛');
INSERT INTO instruments VALUES ('PS000133', '鉦');
INSERT INTO instruments VALUES ('PS000134', '三味線');
INSERT INTO instruments VALUES ('PS000135', '鼓');
INSERT INTO instruments VALUES ('PS000135', '三味線');
INSERT INTO instruments VALUES ('PS000136', '鉦');
INSERT INTO instruments VALUES ('PS000137', '鉦');
INSERT INTO instruments VALUES ('PS000137', '鼓');
INSERT INTO instruments VALUES ('PS000138', '鉦');
INSERT INTO instruments VALUES ('PS000139', '大太鼓');
INSERT INTO instruments VALUES ('PS000139', '鉦');
INSERT INTO instruments VALUES ('PS000140', '鉦');
INSERT INTO instruments VALUES ('PS000140', '竹太鼓');
INSERT INTO instruments VALUES ('PS000141', '大太鼓');
INSERT INTO instruments VALUES ('PS000141', '三味線');
INSERT INTO instruments VALUES ('PS000141', '締太鼓');
INSERT INTO instruments VALUES ('PS000142', '三味線');
INSERT INTO instruments VALUES ('PS000142', '鉦');
INSERT INTO instruments VALUES ('PS000143', '鉦');
INSERT INTO instruments VALUES ('PS000143', '竹太鼓');
INSERT INTO instruments VALUES ('PS000143', '大太鼓');
INSERT INTO instruments VALUES ('PS000144', '鉦');
INSERT INTO instruments VALUES ('PS000145', '締太鼓');
INSERT INTO instruments VALUES ('PS000146', '竹太鼓');
INSERT INTO instruments VALUES ('PS000146', '鼓');
INSERT INTO instruments VALUES ('PS000147', '三味線');
INSERT INTO instruments VALUES ('PS000147', '鉦');
INSERT INTO instruments VALUES ('PS000147', '笛');
-- INSERT INTO instruments VALUES ('PS', '');

INSERT INTO groups VALUES ('GP001', '山谷連', 'A 県 X 市', null, 'regular', null, 'PS000013');
INSERT INTO groups VALUES ('GP002', '海原連', 'A 県 X 市 XC 地区', null, 'regular', null, 'PS000030');
INSERT INTO groups VALUES ('GP003', '清風連', 'A 県 Y 町 YB 郡', 'gp003@example.com', 'regular', null, 'PS000045');
INSERT INTO groups VALUES ('GP004', '工業連', 'A 県 X 市 XA 地区', null, 'corporate', 'XA 工業', 'PS000063');
INSERT INTO groups VALUES ('GP005', '電子連', 'A 県 Y 町 YA 郡', 'gp005@example.com', 'corporate', 'Y エレクトロニクス', 'PS000084');
INSERT INTO groups VALUES ('GP006', '不動連', 'A 県 X 市 XB 地区', 'gp006@example.com', 'corporate', 'XB エステート', 'PS000109');
INSERT INTO groups VALUES ('GP007', '阿学連', 'A 県 X 市', null, 'student', 'X 大学 阿波踊り研究会', 'PS000129');
INSERT INTO groups VALUES ('GP008', '文大連', 'A 県 X 市 XA 地区', 'gp008@example.com', 'student', 'X 文化学院大学', 'PS000132');
-- INSERT INTO groups VALUES ('GP', '', '', null, '', null, 'PS');

INSERT INTO venues VALUES ('VN001', '屋外', 'A 県 X 市');
INSERT INTO venues VALUES ('VN002', 'X 市文化センター', 'A 県 X 市本町');
INSERT INTO venues VALUES ('VN003', 'XB 劇場', 'A 県 X 市 XB 地区');
INSERT INTO venues VALUES ('VN004', 'XB 東演芸ホール', 'A 県 X 市 XB 地区');
-- INSERT INTO venues VALUES ('VN', '', '');

INSERT INTO sections VALUES ('SC001', 'XX 電鉄 X 駅前広場', 5000, 'VN001');
INSERT INTO sections VALUES ('SC002', '市役所通り', 2000, 'VN001');
INSERT INTO sections VALUES ('SC003', '目抜き通り', 3000, 'VN001');
INSERT INTO sections VALUES ('SC004', 'X 市立自然公園', 8000, 'VN001');
INSERT INTO sections VALUES ('SC005', 'A ホール', 700, 'VN002');
INSERT INTO sections VALUES ('SC006', 'B ホール', 500, 'VN002');
INSERT INTO sections VALUES ('SC007', 'C ホール', 250, 'VN002');
INSERT INTO sections VALUES ('SC008', '大ホール', 800, 'VN003');
INSERT INTO sections VALUES ('SC009', '小ホール', 300, 'VN003');
INSERT INTO sections VALUES ('SC010', 'ホール 1', 550, 'VN004');
INSERT INTO sections VALUES ('SC011', 'ホール 2', 250, 'VN004');
-- INSERT INTO sections VALUES ('SC', '', , 'VN');

INSERT INTO performances VALUES ('PF000001', '2022-08-20', '10:00', 'GP007', 'SC001');
INSERT INTO performances VALUES ('PF000002', '2022-08-20', '10:00', 'GP001', 'SC001');
INSERT INTO performances VALUES ('PF000003', '2022-08-20', '10:00', 'GP005', 'SC001');
INSERT INTO performances VALUES ('PF000004', '2022-08-20', '10:00', 'GP007', 'SC002');
INSERT INTO performances VALUES ('PF000005', '2022-08-20', '10:00', 'GP003', 'SC003');
INSERT INTO performances VALUES ('PF000006', '2022-08-20', '10:00', 'GP004', 'SC004');
INSERT INTO performances VALUES ('PF000007', '2022-08-20', '10:00', 'GP001', 'SC004');
INSERT INTO performances VALUES ('PF000008', '2022-08-20', '11:00', 'GP003', 'SC001');
INSERT INTO performances VALUES ('PF000009', '2022-08-20', '11:00', 'GP002', 'SC001');
INSERT INTO performances VALUES ('PF000010', '2022-08-20', '11:00', 'GP004', 'SC001');
INSERT INTO performances VALUES ('PF000011', '2022-08-20', '11:00', 'GP001', 'SC002');
INSERT INTO performances VALUES ('PF000012', '2022-08-20', '11:00', 'GP005', 'SC002');
INSERT INTO performances VALUES ('PF000013', '2022-08-20', '11:00', 'GP002', 'SC002');
INSERT INTO performances VALUES ('PF000014', '2022-08-20', '11:00', 'GP004', 'SC003');
INSERT INTO performances VALUES ('PF000015', '2022-08-20', '11:00', 'GP007', 'SC003');
INSERT INTO performances VALUES ('PF000016', '2022-08-20', '11:00', 'GP004', 'SC004');
INSERT INTO performances VALUES ('PF000017', '2022-08-20', '12:00', 'GP002', 'SC001');
INSERT INTO performances VALUES ('PF000018', '2022-08-20', '12:00', 'GP008', 'SC001');
INSERT INTO performances VALUES ('PF000019', '2022-08-20', '12:00', 'GP004', 'SC001');
INSERT INTO performances VALUES ('PF000020', '2022-08-20', '12:00', 'GP002', 'SC002');
INSERT INTO performances VALUES ('PF000021', '2022-08-20', '12:00', 'GP005', 'SC002');
INSERT INTO performances VALUES ('PF000022', '2022-08-20', '12:00', 'GP001', 'SC003');
INSERT INTO performances VALUES ('PF000023', '2022-08-20', '12:00', 'GP004', 'SC003');
INSERT INTO performances VALUES ('PF000024', '2022-08-20', '12:00', 'GP008', 'SC003');
INSERT INTO performances VALUES ('PF000025', '2022-08-20', '12:00', 'GP002', 'SC004');
INSERT INTO performances VALUES ('PF000026', '2022-08-20', '12:00', 'GP006', 'SC004');
INSERT INTO performances VALUES ('PF000027', '2022-08-20', '12:00', 'GP004', 'SC004');
INSERT INTO performances VALUES ('PF000028', '2022-08-20', '15:00', 'GP004', 'SC001');
INSERT INTO performances VALUES ('PF000029', '2022-08-20', '15:00', 'GP001', 'SC002');
INSERT INTO performances VALUES ('PF000030', '2022-08-20', '15:00', 'GP008', 'SC003');
INSERT INTO performances VALUES ('PF000031', '2022-08-20', '15:00', 'GP003', 'SC003');
INSERT INTO performances VALUES ('PF000032', '2022-08-20', '15:00', 'GP007', 'SC004');
INSERT INTO performances VALUES ('PF000033', '2022-08-20', '15:00', 'GP002', 'SC004');
INSERT INTO performances VALUES ('PF000034', '2022-08-20', '15:00', 'GP005', 'SC004');
INSERT INTO performances VALUES ('PF000035', '2022-08-20', '16:00', 'GP006', 'SC001');
INSERT INTO performances VALUES ('PF000036', '2022-08-20', '16:00', 'GP008', 'SC002');
INSERT INTO performances VALUES ('PF000037', '2022-08-20', '16:00', 'GP005', 'SC002');
INSERT INTO performances VALUES ('PF000038', '2022-08-20', '16:00', 'GP004', 'SC002');
INSERT INTO performances VALUES ('PF000039', '2022-08-20', '16:00', 'GP003', 'SC003');
INSERT INTO performances VALUES ('PF000040', '2022-08-20', '16:00', 'GP006', 'SC003');
INSERT INTO performances VALUES ('PF000041', '2022-08-20', '16:00', 'GP004', 'SC003');
INSERT INTO performances VALUES ('PF000042', '2022-08-20', '16:00', 'GP007', 'SC004');
INSERT INTO performances VALUES ('PF000043', '2022-08-20', '16:00', 'GP008', 'SC004');
INSERT INTO performances VALUES ('PF000044', '2022-08-20', '16:00', 'GP002', 'SC004');
INSERT INTO performances VALUES ('PF000045', '2022-08-20', '17:00', 'GP005', 'SC001');
INSERT INTO performances VALUES ('PF000046', '2022-08-20', '17:00', 'GP003', 'SC001');
INSERT INTO performances VALUES ('PF000047', '2022-08-20', '17:00', 'GP005', 'SC002');
INSERT INTO performances VALUES ('PF000048', '2022-08-20', '17:00', 'GP005', 'SC003');
INSERT INTO performances VALUES ('PF000049', '2022-08-20', '17:00', 'GP007', 'SC003');
INSERT INTO performances VALUES ('PF000050', '2022-08-20', '17:00', 'GP002', 'SC003');
INSERT INTO performances VALUES ('PF000051', '2022-08-20', '17:00', 'GP002', 'SC004');
INSERT INTO performances VALUES ('PF000052', '2022-08-20', '17:00', 'GP006', 'SC004');
INSERT INTO performances VALUES ('PF000053', '2022-08-20', '17:00', 'GP003', 'SC004');
INSERT INTO performances VALUES ('PF000054', '2022-08-20', '18:00', 'GP003', 'SC001');
INSERT INTO performances VALUES ('PF000055', '2022-08-20', '18:00', 'GP008', 'SC001');
INSERT INTO performances VALUES ('PF000056', '2022-08-20', '18:00', 'GP005', 'SC002');
INSERT INTO performances VALUES ('PF000057', '2022-08-20', '18:00', 'GP003', 'SC002');
INSERT INTO performances VALUES ('PF000058', '2022-08-20', '18:00', 'GP005', 'SC003');
INSERT INTO performances VALUES ('PF000059', '2022-08-20', '18:00', 'GP008', 'SC003');
INSERT INTO performances VALUES ('PF000060', '2022-08-20', '18:00', 'GP001', 'SC004');
INSERT INTO performances VALUES ('PF000061', '2022-08-20', '18:00', 'GP002', 'SC004');
INSERT INTO performances VALUES ('PF000062', '2022-08-21', '10:00', 'GP005', 'SC005');
INSERT INTO performances VALUES ('PF000063', '2022-08-21', '10:00', 'GP004', 'SC006');
INSERT INTO performances VALUES ('PF000064', '2022-08-21', '10:00', 'GP004', 'SC007');
INSERT INTO performances VALUES ('PF000065', '2022-08-21', '10:00', 'GP004', 'SC008');
INSERT INTO performances VALUES ('PF000066', '2022-08-21', '10:00', 'GP008', 'SC009');
INSERT INTO performances VALUES ('PF000067', '2022-08-21', '10:00', 'GP004', 'SC010');
INSERT INTO performances VALUES ('PF000068', '2022-08-21', '10:00', 'GP002', 'SC011');
INSERT INTO performances VALUES ('PF000069', '2022-08-21', '11:00', 'GP001', 'SC005');
INSERT INTO performances VALUES ('PF000070', '2022-08-21', '11:00', 'GP007', 'SC006');
INSERT INTO performances VALUES ('PF000071', '2022-08-21', '11:00', 'GP007', 'SC007');
INSERT INTO performances VALUES ('PF000072', '2022-08-21', '11:00', 'GP003', 'SC008');
INSERT INTO performances VALUES ('PF000073', '2022-08-21', '11:00', 'GP004', 'SC009');
INSERT INTO performances VALUES ('PF000074', '2022-08-21', '11:00', 'GP003', 'SC010');
INSERT INTO performances VALUES ('PF000075', '2022-08-21', '11:00', 'GP004', 'SC011');
INSERT INTO performances VALUES ('PF000076', '2022-08-21', '12:00', 'GP006', 'SC005');
INSERT INTO performances VALUES ('PF000077', '2022-08-21', '12:00', 'GP004', 'SC006');
INSERT INTO performances VALUES ('PF000078', '2022-08-21', '12:00', 'GP003', 'SC007');
INSERT INTO performances VALUES ('PF000079', '2022-08-21', '12:00', 'GP008', 'SC008');
INSERT INTO performances VALUES ('PF000080', '2022-08-21', '12:00', 'GP002', 'SC009');
INSERT INTO performances VALUES ('PF000081', '2022-08-21', '12:00', 'GP004', 'SC010');
INSERT INTO performances VALUES ('PF000082', '2022-08-21', '12:00', 'GP001', 'SC011');
INSERT INTO performances VALUES ('PF000083', '2022-08-21', '15:00', 'GP002', 'SC005');
INSERT INTO performances VALUES ('PF000084', '2022-08-21', '15:00', 'GP008', 'SC006');
INSERT INTO performances VALUES ('PF000085', '2022-08-21', '15:00', 'GP001', 'SC007');
INSERT INTO performances VALUES ('PF000086', '2022-08-21', '15:00', 'GP006', 'SC008');
INSERT INTO performances VALUES ('PF000087', '2022-08-21', '15:00', 'GP003', 'SC009');
INSERT INTO performances VALUES ('PF000088', '2022-08-21', '15:00', 'GP002', 'SC010');
INSERT INTO performances VALUES ('PF000089', '2022-08-21', '15:00', 'GP004', 'SC011');
INSERT INTO performances VALUES ('PF000090', '2022-08-21', '16:00', 'GP007', 'SC005');
INSERT INTO performances VALUES ('PF000091', '2022-08-21', '16:00', 'GP004', 'SC006');
INSERT INTO performances VALUES ('PF000092', '2022-08-21', '16:00', 'GP003', 'SC007');
INSERT INTO performances VALUES ('PF000093', '2022-08-21', '16:00', 'GP001', 'SC008');
INSERT INTO performances VALUES ('PF000094', '2022-08-21', '16:00', 'GP004', 'SC009');
INSERT INTO performances VALUES ('PF000095', '2022-08-21', '16:00', 'GP008', 'SC010');
INSERT INTO performances VALUES ('PF000096', '2022-08-21', '16:00', 'GP005', 'SC011');
INSERT INTO performances VALUES ('PF000097', '2022-08-21', '17:00', 'GP003', 'SC005');
INSERT INTO performances VALUES ('PF000098', '2022-08-21', '17:00', 'GP007', 'SC006');
INSERT INTO performances VALUES ('PF000099', '2022-08-21', '17:00', 'GP007', 'SC007');
INSERT INTO performances VALUES ('PF000100', '2022-08-21', '17:00', 'GP005', 'SC008');
INSERT INTO performances VALUES ('PF000101', '2022-08-21', '17:00', 'GP002', 'SC009');
INSERT INTO performances VALUES ('PF000102', '2022-08-21', '17:00', 'GP003', 'SC010');
INSERT INTO performances VALUES ('PF000103', '2022-08-21', '17:00', 'GP008', 'SC011');
INSERT INTO performances VALUES ('PF000104', '2022-08-21', '18:00', 'GP008', 'SC005');
INSERT INTO performances VALUES ('PF000105', '2022-08-21', '18:00', 'GP007', 'SC006');
INSERT INTO performances VALUES ('PF000106', '2022-08-21', '18:00', 'GP004', 'SC007');
INSERT INTO performances VALUES ('PF000107', '2022-08-21', '18:00', 'GP002', 'SC008');
INSERT INTO performances VALUES ('PF000108', '2022-08-21', '18:00', 'GP007', 'SC009');
INSERT INTO performances VALUES ('PF000109', '2022-08-21', '18:00', 'GP004', 'SC010');
INSERT INTO performances VALUES ('PF000110', '2022-08-21', '18:00', 'GP004', 'SC011');
INSERT INTO performances VALUES ('PF000111', '2023-08-20', '10:00', 'GP007', 'SC001');
INSERT INTO performances VALUES ('PF000112', '2023-08-20', '10:00', 'GP005', 'SC001');
INSERT INTO performances VALUES ('PF000113', '2023-08-20', '10:00', 'GP003', 'SC001');
INSERT INTO performances VALUES ('PF000114', '2023-08-20', '10:00', 'GP004', 'SC002');
INSERT INTO performances VALUES ('PF000115', '2023-08-20', '10:00', 'GP002', 'SC003');
INSERT INTO performances VALUES ('PF000116', '2023-08-20', '10:00', 'GP003', 'SC003');
INSERT INTO performances VALUES ('PF000117', '2023-08-20', '10:00', 'GP008', 'SC004');
INSERT INTO performances VALUES ('PF000118', '2023-08-20', '11:00', 'GP003', 'SC001');
INSERT INTO performances VALUES ('PF000119', '2023-08-20', '11:00', 'GP005', 'SC002');
INSERT INTO performances VALUES ('PF000120', '2023-08-20', '11:00', 'GP001', 'SC003');
INSERT INTO performances VALUES ('PF000121', '2023-08-20', '11:00', 'GP005', 'SC003');
INSERT INTO performances VALUES ('PF000122', '2023-08-20', '11:00', 'GP002', 'SC004');
INSERT INTO performances VALUES ('PF000123', '2023-08-20', '11:00', 'GP007', 'SC004');
INSERT INTO performances VALUES ('PF000124', '2023-08-20', '11:00', 'GP005', 'SC004');
INSERT INTO performances VALUES ('PF000125', '2023-08-20', '12:00', 'GP002', 'SC001');
INSERT INTO performances VALUES ('PF000126', '2023-08-20', '12:00', 'GP004', 'SC001');
INSERT INTO performances VALUES ('PF000127', '2023-08-20', '12:00', 'GP005', 'SC002');
INSERT INTO performances VALUES ('PF000128', '2023-08-20', '12:00', 'GP004', 'SC002');
INSERT INTO performances VALUES ('PF000129', '2023-08-20', '12:00', 'GP003', 'SC002');
INSERT INTO performances VALUES ('PF000130', '2023-08-20', '12:00', 'GP008', 'SC003');
INSERT INTO performances VALUES ('PF000131', '2023-08-20', '12:00', 'GP001', 'SC003');
INSERT INTO performances VALUES ('PF000132', '2023-08-20', '12:00', 'GP008', 'SC004');
INSERT INTO performances VALUES ('PF000133', '2023-08-20', '12:00', 'GP001', 'SC004');
INSERT INTO performances VALUES ('PF000134', '2023-08-20', '12:00', 'GP004', 'SC004');
INSERT INTO performances VALUES ('PF000135', '2023-08-20', '15:00', 'GP006', 'SC001');
INSERT INTO performances VALUES ('PF000136', '2023-08-20', '15:00', 'GP007', 'SC001');
INSERT INTO performances VALUES ('PF000137', '2023-08-20', '15:00', 'GP005', 'SC002');
INSERT INTO performances VALUES ('PF000138', '2023-08-20', '15:00', 'GP006', 'SC003');
INSERT INTO performances VALUES ('PF000139', '2023-08-20', '15:00', 'GP007', 'SC004');
INSERT INTO performances VALUES ('PF000140', '2023-08-20', '15:00', 'GP005', 'SC004');
INSERT INTO performances VALUES ('PF000141', '2023-08-20', '16:00', 'GP002', 'SC001');
INSERT INTO performances VALUES ('PF000142', '2023-08-20', '16:00', 'GP001', 'SC002');
INSERT INTO performances VALUES ('PF000143', '2023-08-20', '16:00', 'GP006', 'SC003');
INSERT INTO performances VALUES ('PF000144', '2023-08-20', '16:00', 'GP006', 'SC004');
INSERT INTO performances VALUES ('PF000145', '2023-08-20', '16:00', 'GP007', 'SC004');
INSERT INTO performances VALUES ('PF000146', '2023-08-20', '17:00', 'GP001', 'SC001');
INSERT INTO performances VALUES ('PF000147', '2023-08-20', '17:00', 'GP006', 'SC001');
INSERT INTO performances VALUES ('PF000148', '2023-08-20', '17:00', 'GP003', 'SC001');
INSERT INTO performances VALUES ('PF000149', '2023-08-20', '17:00', 'GP002', 'SC002');
INSERT INTO performances VALUES ('PF000150', '2023-08-20', '17:00', 'GP004', 'SC002');
INSERT INTO performances VALUES ('PF000151', '2023-08-20', '17:00', 'GP006', 'SC002');
INSERT INTO performances VALUES ('PF000152', '2023-08-20', '17:00', 'GP008', 'SC003');
INSERT INTO performances VALUES ('PF000153', '2023-08-20', '17:00', 'GP001', 'SC004');
INSERT INTO performances VALUES ('PF000154', '2023-08-20', '17:00', 'GP002', 'SC004');
INSERT INTO performances VALUES ('PF000155', '2023-08-20', '18:00', 'GP006', 'SC001');
INSERT INTO performances VALUES ('PF000156', '2023-08-20', '18:00', 'GP002', 'SC001');
INSERT INTO performances VALUES ('PF000157', '2023-08-20', '18:00', 'GP003', 'SC002');
INSERT INTO performances VALUES ('PF000158', '2023-08-20', '18:00', 'GP002', 'SC003');
INSERT INTO performances VALUES ('PF000159', '2023-08-20', '18:00', 'GP004', 'SC003');
INSERT INTO performances VALUES ('PF000160', '2023-08-20', '18:00', 'GP003', 'SC003');
INSERT INTO performances VALUES ('PF000161', '2023-08-20', '18:00', 'GP007', 'SC004');
INSERT INTO performances VALUES ('PF000162', '2023-08-20', '18:00', 'GP008', 'SC004');
INSERT INTO performances VALUES ('PF000163', '2023-08-20', '18:00', 'GP003', 'SC004');
INSERT INTO performances VALUES ('PF000164', '2023-08-21', '10:00', 'GP005', 'SC005');
INSERT INTO performances VALUES ('PF000165', '2023-08-21', '10:00', 'GP001', 'SC006');
INSERT INTO performances VALUES ('PF000166', '2023-08-21', '10:00', 'GP004', 'SC007');
INSERT INTO performances VALUES ('PF000167', '2023-08-21', '10:00', 'GP007', 'SC008');
INSERT INTO performances VALUES ('PF000168', '2023-08-21', '10:00', 'GP002', 'SC009');
INSERT INTO performances VALUES ('PF000169', '2023-08-21', '10:00', 'GP003', 'SC010');
INSERT INTO performances VALUES ('PF000170', '2023-08-21', '10:00', 'GP007', 'SC011');
INSERT INTO performances VALUES ('PF000171', '2023-08-21', '11:00', 'GP003', 'SC005');
INSERT INTO performances VALUES ('PF000172', '2023-08-21', '11:00', 'GP005', 'SC006');
INSERT INTO performances VALUES ('PF000173', '2023-08-21', '11:00', 'GP004', 'SC007');
INSERT INTO performances VALUES ('PF000174', '2023-08-21', '11:00', 'GP005', 'SC008');
INSERT INTO performances VALUES ('PF000175', '2023-08-21', '11:00', 'GP001', 'SC009');
INSERT INTO performances VALUES ('PF000176', '2023-08-21', '11:00', 'GP004', 'SC010');
INSERT INTO performances VALUES ('PF000177', '2023-08-21', '11:00', 'GP006', 'SC011');
INSERT INTO performances VALUES ('PF000178', '2023-08-21', '12:00', 'GP005', 'SC005');
INSERT INTO performances VALUES ('PF000179', '2023-08-21', '12:00', 'GP001', 'SC006');
INSERT INTO performances VALUES ('PF000180', '2023-08-21', '12:00', 'GP006', 'SC007');
INSERT INTO performances VALUES ('PF000181', '2023-08-21', '12:00', 'GP001', 'SC008');
INSERT INTO performances VALUES ('PF000182', '2023-08-21', '12:00', 'GP007', 'SC009');
INSERT INTO performances VALUES ('PF000183', '2023-08-21', '12:00', 'GP001', 'SC010');
INSERT INTO performances VALUES ('PF000184', '2023-08-21', '12:00', 'GP003', 'SC011');
INSERT INTO performances VALUES ('PF000185', '2023-08-21', '15:00', 'GP004', 'SC005');
INSERT INTO performances VALUES ('PF000186', '2023-08-21', '15:00', 'GP003', 'SC006');
INSERT INTO performances VALUES ('PF000187', '2023-08-21', '15:00', 'GP005', 'SC007');
INSERT INTO performances VALUES ('PF000188', '2023-08-21', '15:00', 'GP004', 'SC008');
INSERT INTO performances VALUES ('PF000189', '2023-08-21', '15:00', 'GP006', 'SC009');
INSERT INTO performances VALUES ('PF000190', '2023-08-21', '15:00', 'GP006', 'SC010');
INSERT INTO performances VALUES ('PF000191', '2023-08-21', '15:00', 'GP004', 'SC011');
INSERT INTO performances VALUES ('PF000192', '2023-08-21', '16:00', 'GP001', 'SC005');
INSERT INTO performances VALUES ('PF000193', '2023-08-21', '16:00', 'GP001', 'SC006');
INSERT INTO performances VALUES ('PF000194', '2023-08-21', '16:00', 'GP005', 'SC007');
INSERT INTO performances VALUES ('PF000195', '2023-08-21', '16:00', 'GP001', 'SC008');
INSERT INTO performances VALUES ('PF000196', '2023-08-21', '16:00', 'GP002', 'SC009');
INSERT INTO performances VALUES ('PF000197', '2023-08-21', '16:00', 'GP001', 'SC010');
INSERT INTO performances VALUES ('PF000198', '2023-08-21', '16:00', 'GP004', 'SC011');
INSERT INTO performances VALUES ('PF000199', '2023-08-21', '17:00', 'GP005', 'SC005');
INSERT INTO performances VALUES ('PF000200', '2023-08-21', '17:00', 'GP008', 'SC006');
INSERT INTO performances VALUES ('PF000201', '2023-08-21', '17:00', 'GP006', 'SC007');
INSERT INTO performances VALUES ('PF000202', '2023-08-21', '17:00', 'GP002', 'SC008');
INSERT INTO performances VALUES ('PF000203', '2023-08-21', '17:00', 'GP003', 'SC009');
INSERT INTO performances VALUES ('PF000204', '2023-08-21', '17:00', 'GP005', 'SC010');
INSERT INTO performances VALUES ('PF000205', '2023-08-21', '17:00', 'GP008', 'SC011');
INSERT INTO performances VALUES ('PF000206', '2023-08-21', '18:00', 'GP001', 'SC005');
INSERT INTO performances VALUES ('PF000207', '2023-08-21', '18:00', 'GP001', 'SC006');
INSERT INTO performances VALUES ('PF000208', '2023-08-21', '18:00', 'GP007', 'SC007');
INSERT INTO performances VALUES ('PF000209', '2023-08-21', '18:00', 'GP006', 'SC008');
INSERT INTO performances VALUES ('PF000210', '2023-08-21', '18:00', 'GP007', 'SC009');
INSERT INTO performances VALUES ('PF000211', '2023-08-21', '18:00', 'GP008', 'SC010');
INSERT INTO performances VALUES ('PF000212', '2023-08-21', '18:00', 'GP008', 'SC011');
INSERT INTO performances VALUES ('PF000213', '2024-08-20', '10:00', 'GP008', 'SC001');
INSERT INTO performances VALUES ('PF000214', '2024-08-20', '10:00', 'GP002', 'SC001');
INSERT INTO performances VALUES ('PF000215', '2024-08-20', '10:00', 'GP003', 'SC001');
INSERT INTO performances VALUES ('PF000216', '2024-08-20', '10:00', 'GP005', 'SC002');
INSERT INTO performances VALUES ('PF000217', '2024-08-20', '10:00', 'GP008', 'SC002');
INSERT INTO performances VALUES ('PF000218', '2024-08-20', '10:00', 'GP004', 'SC002');
INSERT INTO performances VALUES ('PF000219', '2024-08-20', '10:00', 'GP005', 'SC003');
INSERT INTO performances VALUES ('PF000220', '2024-08-20', '10:00', 'GP003', 'SC003');
INSERT INTO performances VALUES ('PF000221', '2024-08-20', '10:00', 'GP007', 'SC003');
INSERT INTO performances VALUES ('PF000222', '2024-08-20', '10:00', 'GP001', 'SC004');
INSERT INTO performances VALUES ('PF000223', '2024-08-20', '11:00', 'GP008', 'SC001');
INSERT INTO performances VALUES ('PF000224', '2024-08-20', '11:00', 'GP003', 'SC001');
INSERT INTO performances VALUES ('PF000225', '2024-08-20', '11:00', 'GP008', 'SC002');
INSERT INTO performances VALUES ('PF000226', '2024-08-20', '11:00', 'GP008', 'SC003');
INSERT INTO performances VALUES ('PF000227', '2024-08-20', '11:00', 'GP003', 'SC004');
INSERT INTO performances VALUES ('PF000228', '2024-08-20', '11:00', 'GP004', 'SC004');
INSERT INTO performances VALUES ('PF000229', '2024-08-20', '12:00', 'GP001', 'SC001');
INSERT INTO performances VALUES ('PF000230', '2024-08-20', '12:00', 'GP006', 'SC001');
INSERT INTO performances VALUES ('PF000231', '2024-08-20', '12:00', 'GP006', 'SC002');
INSERT INTO performances VALUES ('PF000232', '2024-08-20', '12:00', 'GP005', 'SC003');
INSERT INTO performances VALUES ('PF000233', '2024-08-20', '12:00', 'GP001', 'SC004');
INSERT INTO performances VALUES ('PF000234', '2024-08-20', '12:00', 'GP003', 'SC004');
INSERT INTO performances VALUES ('PF000235', '2024-08-20', '12:00', 'GP004', 'SC004');
INSERT INTO performances VALUES ('PF000236', '2024-08-20', '15:00', 'GP006', 'SC001');
INSERT INTO performances VALUES ('PF000237', '2024-08-20', '15:00', 'GP005', 'SC002');
INSERT INTO performances VALUES ('PF000238', '2024-08-20', '15:00', 'GP008', 'SC002');
INSERT INTO performances VALUES ('PF000239', '2024-08-20', '15:00', 'GP004', 'SC003');
INSERT INTO performances VALUES ('PF000240', '2024-08-20', '15:00', 'GP002', 'SC004');
INSERT INTO performances VALUES ('PF000241', '2024-08-20', '15:00', 'GP003', 'SC004');
INSERT INTO performances VALUES ('PF000242', '2024-08-20', '15:00', 'GP001', 'SC004');
INSERT INTO performances VALUES ('PF000243', '2024-08-20', '16:00', 'GP002', 'SC001');
INSERT INTO performances VALUES ('PF000244', '2024-08-20', '16:00', 'GP008', 'SC001');
INSERT INTO performances VALUES ('PF000245', '2024-08-20', '16:00', 'GP006', 'SC001');
INSERT INTO performances VALUES ('PF000246', '2024-08-20', '16:00', 'GP007', 'SC002');
INSERT INTO performances VALUES ('PF000247', '2024-08-20', '16:00', 'GP005', 'SC002');
INSERT INTO performances VALUES ('PF000248', '2024-08-20', '16:00', 'GP004', 'SC003');
INSERT INTO performances VALUES ('PF000249', '2024-08-20', '16:00', 'GP001', 'SC003');
INSERT INTO performances VALUES ('PF000250', '2024-08-20', '16:00', 'GP003', 'SC004');
INSERT INTO performances VALUES ('PF000251', '2024-08-20', '16:00', 'GP007', 'SC004');
INSERT INTO performances VALUES ('PF000252', '2024-08-20', '16:00', 'GP005', 'SC004');
INSERT INTO performances VALUES ('PF000253', '2024-08-20', '17:00', 'GP006', 'SC001');
INSERT INTO performances VALUES ('PF000254', '2024-08-20', '17:00', 'GP003', 'SC001');
INSERT INTO performances VALUES ('PF000255', '2024-08-20', '17:00', 'GP007', 'SC001');
INSERT INTO performances VALUES ('PF000256', '2024-08-20', '17:00', 'GP007', 'SC002');
INSERT INTO performances VALUES ('PF000257', '2024-08-20', '17:00', 'GP005', 'SC002');
INSERT INTO performances VALUES ('PF000258', '2024-08-20', '17:00', 'GP002', 'SC003');
INSERT INTO performances VALUES ('PF000259', '2024-08-20', '17:00', 'GP008', 'SC003');
INSERT INTO performances VALUES ('PF000260', '2024-08-20', '17:00', 'GP004', 'SC004');
INSERT INTO performances VALUES ('PF000261', '2024-08-20', '17:00', 'GP005', 'SC004');
INSERT INTO performances VALUES ('PF000262', '2024-08-20', '18:00', 'GP004', 'SC001');
INSERT INTO performances VALUES ('PF000263', '2024-08-20', '18:00', 'GP004', 'SC002');
INSERT INTO performances VALUES ('PF000264', '2024-08-20', '18:00', 'GP002', 'SC002');
INSERT INTO performances VALUES ('PF000265', '2024-08-20', '18:00', 'GP006', 'SC002');
INSERT INTO performances VALUES ('PF000266', '2024-08-20', '18:00', 'GP007', 'SC003');
INSERT INTO performances VALUES ('PF000267', '2024-08-20', '18:00', 'GP002', 'SC003');
INSERT INTO performances VALUES ('PF000268', '2024-08-20', '18:00', 'GP003', 'SC004');
INSERT INTO performances VALUES ('PF000269', '2024-08-20', '18:00', 'GP006', 'SC004');
INSERT INTO performances VALUES ('PF000270', '2024-08-20', '18:00', 'GP008', 'SC004');
INSERT INTO performances VALUES ('PF000271', '2024-08-21', '10:00', 'GP001', 'SC005');
INSERT INTO performances VALUES ('PF000272', '2024-08-21', '10:00', 'GP008', 'SC006');
INSERT INTO performances VALUES ('PF000273', '2024-08-21', '10:00', 'GP003', 'SC007');
INSERT INTO performances VALUES ('PF000274', '2024-08-21', '10:00', 'GP001', 'SC008');
INSERT INTO performances VALUES ('PF000275', '2024-08-21', '10:00', 'GP007', 'SC009');
INSERT INTO performances VALUES ('PF000276', '2024-08-21', '10:00', 'GP008', 'SC010');
INSERT INTO performances VALUES ('PF000277', '2024-08-21', '10:00', 'GP002', 'SC011');
INSERT INTO performances VALUES ('PF000278', '2024-08-21', '11:00', 'GP005', 'SC005');
INSERT INTO performances VALUES ('PF000279', '2024-08-21', '11:00', 'GP001', 'SC006');
INSERT INTO performances VALUES ('PF000280', '2024-08-21', '11:00', 'GP002', 'SC007');
INSERT INTO performances VALUES ('PF000281', '2024-08-21', '11:00', 'GP002', 'SC008');
INSERT INTO performances VALUES ('PF000282', '2024-08-21', '11:00', 'GP005', 'SC009');
INSERT INTO performances VALUES ('PF000283', '2024-08-21', '11:00', 'GP006', 'SC010');
INSERT INTO performances VALUES ('PF000284', '2024-08-21', '11:00', 'GP001', 'SC011');
INSERT INTO performances VALUES ('PF000285', '2024-08-21', '12:00', 'GP003', 'SC005');
INSERT INTO performances VALUES ('PF000286', '2024-08-21', '12:00', 'GP005', 'SC006');
INSERT INTO performances VALUES ('PF000287', '2024-08-21', '12:00', 'GP002', 'SC007');
INSERT INTO performances VALUES ('PF000288', '2024-08-21', '12:00', 'GP001', 'SC008');
INSERT INTO performances VALUES ('PF000289', '2024-08-21', '12:00', 'GP007', 'SC009');
INSERT INTO performances VALUES ('PF000290', '2024-08-21', '12:00', 'GP002', 'SC010');
INSERT INTO performances VALUES ('PF000291', '2024-08-21', '12:00', 'GP001', 'SC011');
INSERT INTO performances VALUES ('PF000292', '2024-08-21', '15:00', 'GP006', 'SC005');
INSERT INTO performances VALUES ('PF000293', '2024-08-21', '15:00', 'GP001', 'SC006');
INSERT INTO performances VALUES ('PF000294', '2024-08-21', '15:00', 'GP004', 'SC007');
INSERT INTO performances VALUES ('PF000295', '2024-08-21', '15:00', 'GP004', 'SC008');
INSERT INTO performances VALUES ('PF000296', '2024-08-21', '15:00', 'GP005', 'SC009');
INSERT INTO performances VALUES ('PF000297', '2024-08-21', '15:00', 'GP004', 'SC010');
INSERT INTO performances VALUES ('PF000298', '2024-08-21', '15:00', 'GP004', 'SC011');
INSERT INTO performances VALUES ('PF000299', '2024-08-21', '16:00', 'GP001', 'SC005');
INSERT INTO performances VALUES ('PF000300', '2024-08-21', '16:00', 'GP008', 'SC006');
INSERT INTO performances VALUES ('PF000301', '2024-08-21', '16:00', 'GP006', 'SC007');
INSERT INTO performances VALUES ('PF000302', '2024-08-21', '16:00', 'GP007', 'SC008');
INSERT INTO performances VALUES ('PF000303', '2024-08-21', '16:00', 'GP001', 'SC009');
INSERT INTO performances VALUES ('PF000304', '2024-08-21', '16:00', 'GP002', 'SC010');
INSERT INTO performances VALUES ('PF000305', '2024-08-21', '16:00', 'GP004', 'SC011');
INSERT INTO performances VALUES ('PF000306', '2024-08-21', '17:00', 'GP003', 'SC005');
INSERT INTO performances VALUES ('PF000307', '2024-08-21', '17:00', 'GP002', 'SC006');
INSERT INTO performances VALUES ('PF000308', '2024-08-21', '17:00', 'GP006', 'SC007');
INSERT INTO performances VALUES ('PF000309', '2024-08-21', '17:00', 'GP002', 'SC008');
INSERT INTO performances VALUES ('PF000310', '2024-08-21', '17:00', 'GP003', 'SC009');
INSERT INTO performances VALUES ('PF000311', '2024-08-21', '17:00', 'GP001', 'SC010');
INSERT INTO performances VALUES ('PF000312', '2024-08-21', '17:00', 'GP006', 'SC011');
INSERT INTO performances VALUES ('PF000313', '2024-08-21', '18:00', 'GP002', 'SC005');
INSERT INTO performances VALUES ('PF000314', '2024-08-21', '18:00', 'GP004', 'SC006');
INSERT INTO performances VALUES ('PF000315', '2024-08-21', '18:00', 'GP003', 'SC007');
INSERT INTO performances VALUES ('PF000316', '2024-08-21', '18:00', 'GP001', 'SC008');
INSERT INTO performances VALUES ('PF000317', '2024-08-21', '18:00', 'GP001', 'SC009');
INSERT INTO performances VALUES ('PF000318', '2024-08-21', '18:00', 'GP002', 'SC010');
INSERT INTO performances VALUES ('PF000319', '2024-08-21', '18:00', 'GP005', 'SC011');
-- INSERT INTO performances VALUES ('PF', '', '', 'GP', 'SC');

INSERT INTO reservations VALUES ('PS000216', 'PF000062', '2022-08-10', '05:13:58');
INSERT INTO reservations VALUES ('PS000227', 'PF000063', '2022-08-06', '05:55:20');
INSERT INTO reservations VALUES ('PS000156', 'PF000063', '2022-08-19', '10:02:53');
INSERT INTO reservations VALUES ('PS000207', 'PF000063', '2022-08-07', '02:12:15');
INSERT INTO reservations VALUES ('PS000236', 'PF000064', '2022-08-15', '05:57:46');
INSERT INTO reservations VALUES ('PS000150', 'PF000064', '2022-08-04', '08:33:35');
INSERT INTO reservations VALUES ('PS000220', 'PF000064', '2022-07-23', '04:36:33');
INSERT INTO reservations VALUES ('PS000199', 'PF000064', '2022-07-29', '06:47:02');
INSERT INTO reservations VALUES ('PS000162', 'PF000064', '2022-08-15', '13:22:54');
INSERT INTO reservations VALUES ('PS000211', 'PF000065', '2022-08-17', '21:06:18');
INSERT INTO reservations VALUES ('PS000215', 'PF000065', '2022-08-10', '21:00:23');
INSERT INTO reservations VALUES ('PS000191', 'PF000065', '2022-08-11', '18:23:01');
INSERT INTO reservations VALUES ('PS000223', 'PF000065', '2022-08-17', '07:17:05');
INSERT INTO reservations VALUES ('PS000234', 'PF000065', '2022-08-14', '08:27:51');
INSERT INTO reservations VALUES ('PS000163', 'PF000066', '2022-07-24', '01:16:08');
INSERT INTO reservations VALUES ('PS000187', 'PF000067', '2022-08-12', '17:01:29');
INSERT INTO reservations VALUES ('PS000244', 'PF000067', '2022-08-08', '22:26:23');
INSERT INTO reservations VALUES ('PS000173', 'PF000067', '2022-08-09', '10:48:27');
INSERT INTO reservations VALUES ('PS000168', 'PF000067', '2022-08-15', '15:31:32');
INSERT INTO reservations VALUES ('PS000216', 'PF000067', '2022-07-26', '13:08:21');
INSERT INTO reservations VALUES ('PS000236', 'PF000068', '2022-08-07', '01:07:55');
INSERT INTO reservations VALUES ('PS000220', 'PF000068', '2022-08-13', '11:04:02');
INSERT INTO reservations VALUES ('PS000203', 'PF000068', '2022-08-06', '02:53:15');
INSERT INTO reservations VALUES ('PS000179', 'PF000069', '2022-08-18', '22:38:50');
INSERT INTO reservations VALUES ('PS000156', 'PF000069', '2022-07-30', '00:50:10');
INSERT INTO reservations VALUES ('PS000224', 'PF000069', '2022-08-06', '07:03:00');
INSERT INTO reservations VALUES ('PS000181', 'PF000069', '2022-07-27', '23:02:11');
INSERT INTO reservations VALUES ('PS000155', 'PF000069', '2022-07-30', '12:26:07');
INSERT INTO reservations VALUES ('PS000156', 'PF000070', '2022-08-18', '08:19:58');
INSERT INTO reservations VALUES ('PS000171', 'PF000070', '2022-07-30', '03:42:07');
INSERT INTO reservations VALUES ('PS000175', 'PF000070', '2022-07-30', '21:01:46');
INSERT INTO reservations VALUES ('PS000246', 'PF000070', '2022-08-02', '18:38:54');
INSERT INTO reservations VALUES ('PS000213', 'PF000071', '2022-08-09', '00:42:07');
INSERT INTO reservations VALUES ('PS000166', 'PF000071', '2022-08-08', '20:39:41');
INSERT INTO reservations VALUES ('PS000170', 'PF000071', '2022-08-17', '02:51:29');
INSERT INTO reservations VALUES ('PS000156', 'PF000072', '2022-08-09', '10:25:51');
INSERT INTO reservations VALUES ('PS000205', 'PF000072', '2022-08-09', '08:46:45');
INSERT INTO reservations VALUES ('PS000189', 'PF000072', '2022-08-07', '11:44:56');
INSERT INTO reservations VALUES ('PS000236', 'PF000073', '2022-07-25', '17:02:47');
INSERT INTO reservations VALUES ('PS000238', 'PF000073', '2022-08-01', '11:35:30');
INSERT INTO reservations VALUES ('PS000209', 'PF000074', '2022-08-19', '21:51:35');
INSERT INTO reservations VALUES ('PS000187', 'PF000075', '2022-08-05', '20:46:01');
INSERT INTO reservations VALUES ('PS000181', 'PF000075', '2022-08-09', '21:01:33');
INSERT INTO reservations VALUES ('PS000247', 'PF000075', '2022-08-13', '13:16:25');
INSERT INTO reservations VALUES ('PS000237', 'PF000075', '2022-08-01', '12:37:42');
INSERT INTO reservations VALUES ('PS000246', 'PF000076', '2022-08-01', '10:17:40');
INSERT INTO reservations VALUES ('PS000216', 'PF000077', '2022-07-27', '01:21:52');
INSERT INTO reservations VALUES ('PS000151', 'PF000077', '2022-08-15', '04:33:15');
INSERT INTO reservations VALUES ('PS000164', 'PF000077', '2022-08-05', '15:05:31');
INSERT INTO reservations VALUES ('PS000177', 'PF000077', '2022-07-29', '19:50:35');
INSERT INTO reservations VALUES ('PS000214', 'PF000078', '2022-08-15', '05:24:20');
INSERT INTO reservations VALUES ('PS000190', 'PF000078', '2022-08-07', '22:05:12');
INSERT INTO reservations VALUES ('PS000210', 'PF000079', '2022-08-14', '08:55:08');
INSERT INTO reservations VALUES ('PS000221', 'PF000079', '2022-08-11', '08:52:12');
INSERT INTO reservations VALUES ('PS000193', 'PF000080', '2022-07-29', '23:16:50');
INSERT INTO reservations VALUES ('PS000238', 'PF000080', '2022-07-31', '13:34:58');
INSERT INTO reservations VALUES ('PS000230', 'PF000080', '2022-07-24', '02:57:29');
INSERT INTO reservations VALUES ('PS000224', 'PF000080', '2022-07-30', '12:31:00');
INSERT INTO reservations VALUES ('PS000228', 'PF000081', '2022-07-31', '14:47:31');
INSERT INTO reservations VALUES ('PS000202', 'PF000082', '2022-08-17', '01:20:13');
INSERT INTO reservations VALUES ('PS000164', 'PF000082', '2022-08-05', '19:14:13');
INSERT INTO reservations VALUES ('PS000226', 'PF000083', '2022-08-10', '05:09:29');
INSERT INTO reservations VALUES ('PS000203', 'PF000083', '2022-08-06', '19:46:39');
INSERT INTO reservations VALUES ('PS000229', 'PF000083', '2022-07-27', '18:10:39');
INSERT INTO reservations VALUES ('PS000160', 'PF000083', '2022-07-22', '02:16:47');
INSERT INTO reservations VALUES ('PS000181', 'PF000084', '2022-08-04', '04:22:52');
INSERT INTO reservations VALUES ('PS000213', 'PF000084', '2022-08-12', '13:42:25');
INSERT INTO reservations VALUES ('PS000246', 'PF000084', '2022-07-23', '18:08:19');
INSERT INTO reservations VALUES ('PS000161', 'PF000084', '2022-07-24', '21:18:47');
INSERT INTO reservations VALUES ('PS000234', 'PF000085', '2022-08-15', '06:55:01');
INSERT INTO reservations VALUES ('PS000151', 'PF000085', '2022-08-02', '00:02:27');
INSERT INTO reservations VALUES ('PS000219', 'PF000085', '2022-07-28', '22:50:30');
INSERT INTO reservations VALUES ('PS000244', 'PF000086', '2022-08-13', '06:03:32');
INSERT INTO reservations VALUES ('PS000160', 'PF000086', '2022-08-15', '21:21:08');
INSERT INTO reservations VALUES ('PS000184', 'PF000086', '2022-07-31', '06:34:42');
INSERT INTO reservations VALUES ('PS000151', 'PF000087', '2022-08-13', '16:36:06');
INSERT INTO reservations VALUES ('PS000209', 'PF000087', '2022-07-23', '19:27:29');
INSERT INTO reservations VALUES ('PS000222', 'PF000087', '2022-08-01', '00:01:40');
INSERT INTO reservations VALUES ('PS000240', 'PF000087', '2022-07-27', '02:49:16');
INSERT INTO reservations VALUES ('PS000213', 'PF000088', '2022-08-01', '17:56:33');
INSERT INTO reservations VALUES ('PS000151', 'PF000088', '2022-08-16', '23:56:20');
INSERT INTO reservations VALUES ('PS000224', 'PF000089', '2022-08-18', '01:46:52');
INSERT INTO reservations VALUES ('PS000158', 'PF000089', '2022-07-28', '22:42:36');
INSERT INTO reservations VALUES ('PS000179', 'PF000089', '2022-08-15', '22:22:50');
INSERT INTO reservations VALUES ('PS000234', 'PF000089', '2022-08-05', '17:55:41');
INSERT INTO reservations VALUES ('PS000153', 'PF000090', '2022-08-17', '19:10:07');
INSERT INTO reservations VALUES ('PS000192', 'PF000090', '2022-07-22', '14:47:08');
INSERT INTO reservations VALUES ('PS000246', 'PF000090', '2022-08-05', '02:39:51');
INSERT INTO reservations VALUES ('PS000156', 'PF000090', '2022-08-02', '19:03:17');
INSERT INTO reservations VALUES ('PS000157', 'PF000090', '2022-08-05', '01:17:28');
INSERT INTO reservations VALUES ('PS000216', 'PF000091', '2022-07-28', '03:43:17');
INSERT INTO reservations VALUES ('PS000193', 'PF000092', '2022-08-02', '18:10:15');
INSERT INTO reservations VALUES ('PS000189', 'PF000092', '2022-07-25', '10:53:46');
INSERT INTO reservations VALUES ('PS000246', 'PF000092', '2022-08-07', '20:50:08');
INSERT INTO reservations VALUES ('PS000169', 'PF000092', '2022-08-04', '02:38:08');
INSERT INTO reservations VALUES ('PS000228', 'PF000092', '2022-08-08', '16:54:51');
INSERT INTO reservations VALUES ('PS000229', 'PF000093', '2022-08-09', '10:22:07');
INSERT INTO reservations VALUES ('PS000246', 'PF000093', '2022-08-04', '21:54:21');
INSERT INTO reservations VALUES ('PS000216', 'PF000094', '2022-08-05', '08:22:53');
INSERT INTO reservations VALUES ('PS000189', 'PF000094', '2022-07-22', '11:09:08');
INSERT INTO reservations VALUES ('PS000239', 'PF000094', '2022-08-19', '18:24:34');
INSERT INTO reservations VALUES ('PS000180', 'PF000095', '2022-08-08', '06:25:30');
INSERT INTO reservations VALUES ('PS000232', 'PF000095', '2022-08-12', '04:08:50');
INSERT INTO reservations VALUES ('PS000177', 'PF000095', '2022-08-15', '21:33:49');
INSERT INTO reservations VALUES ('PS000166', 'PF000095', '2022-08-07', '09:30:09');
INSERT INTO reservations VALUES ('PS000173', 'PF000096', '2022-08-16', '09:45:41');
INSERT INTO reservations VALUES ('PS000165', 'PF000096', '2022-08-04', '15:36:23');
INSERT INTO reservations VALUES ('PS000169', 'PF000096', '2022-08-01', '06:11:29');
INSERT INTO reservations VALUES ('PS000218', 'PF000096', '2022-08-09', '18:08:15');
INSERT INTO reservations VALUES ('PS000152', 'PF000097', '2022-08-09', '12:20:08');
INSERT INTO reservations VALUES ('PS000205', 'PF000097', '2022-07-31', '13:07:35');
INSERT INTO reservations VALUES ('PS000237', 'PF000098', '2022-08-04', '21:53:27');
INSERT INTO reservations VALUES ('PS000240', 'PF000099', '2022-08-05', '22:30:18');
INSERT INTO reservations VALUES ('PS000229', 'PF000099', '2022-07-26', '04:02:17');
INSERT INTO reservations VALUES ('PS000191', 'PF000100', '2022-08-08', '18:58:43');
INSERT INTO reservations VALUES ('PS000158', 'PF000100', '2022-08-14', '04:24:12');
INSERT INTO reservations VALUES ('PS000156', 'PF000100', '2022-07-25', '13:59:11');
INSERT INTO reservations VALUES ('PS000157', 'PF000100', '2022-07-28', '11:54:11');
INSERT INTO reservations VALUES ('PS000206', 'PF000101', '2022-07-24', '18:27:15');
INSERT INTO reservations VALUES ('PS000149', 'PF000101', '2022-08-14', '16:10:50');
INSERT INTO reservations VALUES ('PS000224', 'PF000101', '2022-08-10', '16:03:37');
INSERT INTO reservations VALUES ('PS000169', 'PF000101', '2022-08-19', '05:54:54');
INSERT INTO reservations VALUES ('PS000203', 'PF000101', '2022-08-08', '04:25:52');
INSERT INTO reservations VALUES ('PS000175', 'PF000102', '2022-08-05', '17:15:56');
INSERT INTO reservations VALUES ('PS000214', 'PF000102', '2022-08-05', '01:07:56');
INSERT INTO reservations VALUES ('PS000225', 'PF000102', '2022-08-07', '04:16:55');
INSERT INTO reservations VALUES ('PS000182', 'PF000103', '2022-08-18', '14:06:52');
INSERT INTO reservations VALUES ('PS000184', 'PF000103', '2022-08-19', '11:45:52');
INSERT INTO reservations VALUES ('PS000154', 'PF000103', '2022-07-29', '13:50:52');
INSERT INTO reservations VALUES ('PS000174', 'PF000104', '2022-08-16', '06:23:27');
INSERT INTO reservations VALUES ('PS000205', 'PF000105', '2022-08-14', '10:48:19');
INSERT INTO reservations VALUES ('PS000232', 'PF000105', '2022-08-08', '00:39:05');
INSERT INTO reservations VALUES ('PS000186', 'PF000105', '2022-08-14', '14:35:40');
INSERT INTO reservations VALUES ('PS000151', 'PF000106', '2022-08-13', '09:55:35');
INSERT INTO reservations VALUES ('PS000172', 'PF000106', '2022-07-22', '01:22:41');
INSERT INTO reservations VALUES ('PS000204', 'PF000107', '2022-08-18', '14:29:15');
INSERT INTO reservations VALUES ('PS000177', 'PF000108', '2022-08-09', '03:03:20');
INSERT INTO reservations VALUES ('PS000208', 'PF000108', '2022-08-13', '06:46:01');
INSERT INTO reservations VALUES ('PS000170', 'PF000108', '2022-08-16', '22:56:32');
INSERT INTO reservations VALUES ('PS000216', 'PF000108', '2022-08-19', '05:23:07');
INSERT INTO reservations VALUES ('PS000149', 'PF000108', '2022-08-13', '08:14:21');
INSERT INTO reservations VALUES ('PS000221', 'PF000109', '2022-07-24', '19:49:50');
INSERT INTO reservations VALUES ('PS000158', 'PF000109', '2022-08-07', '07:57:15');
INSERT INTO reservations VALUES ('PS000214', 'PF000109', '2022-08-10', '12:59:33');
INSERT INTO reservations VALUES ('PS000149', 'PF000110', '2022-08-07', '10:18:49');
INSERT INTO reservations VALUES ('PS000217', 'PF000110', '2022-07-24', '15:36:13');
INSERT INTO reservations VALUES ('PS000183', 'PF000110', '2022-08-01', '06:54:34');
INSERT INTO reservations VALUES ('PS000193', 'PF000110', '2022-07-31', '09:16:23');
INSERT INTO reservations VALUES ('PS000215', 'PF000164', '2023-08-11', '06:21:01');
INSERT INTO reservations VALUES ('PS000216', 'PF000164', '2023-07-27', '17:35:15');
INSERT INTO reservations VALUES ('PS000207', 'PF000164', '2023-07-23', '16:18:48');
INSERT INTO reservations VALUES ('PS000183', 'PF000164', '2023-07-31', '20:59:13');
INSERT INTO reservations VALUES ('PS000159', 'PF000164', '2023-08-13', '12:55:15');
INSERT INTO reservations VALUES ('PS000174', 'PF000165', '2023-08-04', '14:29:13');
INSERT INTO reservations VALUES ('PS000215', 'PF000165', '2023-08-12', '23:20:37');
INSERT INTO reservations VALUES ('PS000151', 'PF000165', '2023-08-09', '09:00:17');
INSERT INTO reservations VALUES ('PS000214', 'PF000165', '2023-08-04', '12:44:22');
INSERT INTO reservations VALUES ('PS000154', 'PF000165', '2023-07-31', '17:34:52');
INSERT INTO reservations VALUES ('PS000200', 'PF000166', '2023-07-22', '04:38:51');
INSERT INTO reservations VALUES ('PS000212', 'PF000167', '2023-08-13', '15:14:50');
INSERT INTO reservations VALUES ('PS000156', 'PF000167', '2023-07-24', '00:56:56');
INSERT INTO reservations VALUES ('PS000236', 'PF000167', '2023-07-31', '01:25:43');
INSERT INTO reservations VALUES ('PS000152', 'PF000167', '2023-07-24', '11:57:16');
INSERT INTO reservations VALUES ('PS000217', 'PF000168', '2023-08-09', '10:28:30');
INSERT INTO reservations VALUES ('PS000182', 'PF000168', '2023-08-10', '13:37:19');
INSERT INTO reservations VALUES ('PS000223', 'PF000168', '2023-08-05', '05:33:52');
INSERT INTO reservations VALUES ('PS000153', 'PF000168', '2023-08-01', '12:55:59');
INSERT INTO reservations VALUES ('PS000214', 'PF000169', '2023-08-07', '01:13:59');
INSERT INTO reservations VALUES ('PS000150', 'PF000169', '2023-08-10', '17:48:03');
INSERT INTO reservations VALUES ('PS000220', 'PF000169', '2023-07-24', '23:42:42');
INSERT INTO reservations VALUES ('PS000242', 'PF000170', '2023-08-09', '18:14:36');
INSERT INTO reservations VALUES ('PS000216', 'PF000170', '2023-07-27', '16:16:04');
INSERT INTO reservations VALUES ('PS000168', 'PF000170', '2023-08-12', '00:06:29');
INSERT INTO reservations VALUES ('PS000177', 'PF000170', '2023-08-17', '10:41:55');
INSERT INTO reservations VALUES ('PS000159', 'PF000170', '2023-07-31', '10:57:52');
INSERT INTO reservations VALUES ('PS000149', 'PF000171', '2023-08-18', '01:41:40');
INSERT INTO reservations VALUES ('PS000167', 'PF000171', '2023-07-22', '11:54:41');
INSERT INTO reservations VALUES ('PS000160', 'PF000171', '2023-07-30', '02:54:44');
INSERT INTO reservations VALUES ('PS000170', 'PF000172', '2023-08-14', '18:24:08');
INSERT INTO reservations VALUES ('PS000175', 'PF000172', '2023-07-31', '08:23:24');
INSERT INTO reservations VALUES ('PS000220', 'PF000172', '2023-08-09', '03:05:29');
INSERT INTO reservations VALUES ('PS000207', 'PF000172', '2023-08-16', '22:04:40');
INSERT INTO reservations VALUES ('PS000191', 'PF000173', '2023-07-27', '22:46:20');
INSERT INTO reservations VALUES ('PS000212', 'PF000173', '2023-07-27', '00:52:26');
INSERT INTO reservations VALUES ('PS000232', 'PF000174', '2023-07-29', '11:46:58');
INSERT INTO reservations VALUES ('PS000195', 'PF000174', '2023-08-07', '09:15:32');
INSERT INTO reservations VALUES ('PS000203', 'PF000174', '2023-07-31', '09:12:51');
INSERT INTO reservations VALUES ('PS000222', 'PF000174', '2023-08-02', '17:23:39');
INSERT INTO reservations VALUES ('PS000179', 'PF000174', '2023-08-01', '05:57:59');
INSERT INTO reservations VALUES ('PS000177', 'PF000175', '2023-08-03', '06:37:27');
INSERT INTO reservations VALUES ('PS000196', 'PF000175', '2023-08-16', '07:48:32');
INSERT INTO reservations VALUES ('PS000227', 'PF000175', '2023-08-18', '17:58:46');
INSERT INTO reservations VALUES ('PS000161', 'PF000175', '2023-07-30', '15:15:51');
INSERT INTO reservations VALUES ('PS000171', 'PF000175', '2023-07-22', '12:58:56');
INSERT INTO reservations VALUES ('PS000155', 'PF000176', '2023-08-08', '15:07:03');
INSERT INTO reservations VALUES ('PS000245', 'PF000176', '2023-07-28', '22:17:05');
INSERT INTO reservations VALUES ('PS000206', 'PF000176', '2023-08-02', '22:53:18');
INSERT INTO reservations VALUES ('PS000162', 'PF000176', '2023-07-26', '03:35:23');
INSERT INTO reservations VALUES ('PS000190', 'PF000177', '2023-08-18', '04:48:17');
INSERT INTO reservations VALUES ('PS000223', 'PF000178', '2023-08-03', '17:43:54');
INSERT INTO reservations VALUES ('PS000215', 'PF000178', '2023-08-13', '16:46:44');
INSERT INTO reservations VALUES ('PS000246', 'PF000178', '2023-07-23', '05:45:57');
INSERT INTO reservations VALUES ('PS000203', 'PF000179', '2023-08-04', '20:57:18');
INSERT INTO reservations VALUES ('PS000235', 'PF000179', '2023-07-29', '12:07:54');
INSERT INTO reservations VALUES ('PS000210', 'PF000180', '2023-08-01', '08:55:01');
INSERT INTO reservations VALUES ('PS000243', 'PF000180', '2023-08-18', '15:43:34');
INSERT INTO reservations VALUES ('PS000180', 'PF000181', '2023-07-23', '13:08:46');
INSERT INTO reservations VALUES ('PS000163', 'PF000181', '2023-08-15', '21:35:44');
INSERT INTO reservations VALUES ('PS000184', 'PF000181', '2023-08-04', '05:47:54');
INSERT INTO reservations VALUES ('PS000181', 'PF000181', '2023-07-26', '00:34:59');
INSERT INTO reservations VALUES ('PS000151', 'PF000181', '2023-08-11', '04:58:50');
INSERT INTO reservations VALUES ('PS000185', 'PF000182', '2023-08-16', '01:37:24');
INSERT INTO reservations VALUES ('PS000242', 'PF000182', '2023-08-11', '17:25:37');
INSERT INTO reservations VALUES ('PS000195', 'PF000183', '2023-07-29', '00:25:01');
INSERT INTO reservations VALUES ('PS000199', 'PF000183', '2023-07-28', '02:01:13');
INSERT INTO reservations VALUES ('PS000229', 'PF000183', '2023-08-15', '00:15:41');
INSERT INTO reservations VALUES ('PS000247', 'PF000183', '2023-07-23', '16:24:55');
INSERT INTO reservations VALUES ('PS000220', 'PF000184', '2023-08-17', '03:01:11');
INSERT INTO reservations VALUES ('PS000158', 'PF000184', '2023-08-19', '02:09:49');
INSERT INTO reservations VALUES ('PS000233', 'PF000184', '2023-08-06', '11:13:52');
INSERT INTO reservations VALUES ('PS000152', 'PF000184', '2023-08-18', '05:35:39');
INSERT INTO reservations VALUES ('PS000187', 'PF000185', '2023-07-27', '19:50:06');
INSERT INTO reservations VALUES ('PS000170', 'PF000185', '2023-08-03', '14:54:38');
INSERT INTO reservations VALUES ('PS000216', 'PF000185', '2023-08-19', '04:08:54');
INSERT INTO reservations VALUES ('PS000191', 'PF000186', '2023-08-17', '04:34:52');
INSERT INTO reservations VALUES ('PS000178', 'PF000186', '2023-08-18', '21:18:15');
INSERT INTO reservations VALUES ('PS000176', 'PF000186', '2023-07-29', '14:48:30');
INSERT INTO reservations VALUES ('PS000192', 'PF000186', '2023-07-26', '03:24:12');
INSERT INTO reservations VALUES ('PS000198', 'PF000187', '2023-08-11', '07:05:13');
INSERT INTO reservations VALUES ('PS000167', 'PF000187', '2023-08-08', '17:43:36');
INSERT INTO reservations VALUES ('PS000198', 'PF000188', '2023-08-18', '00:27:34');
INSERT INTO reservations VALUES ('PS000188', 'PF000189', '2023-07-28', '22:50:19');
INSERT INTO reservations VALUES ('PS000148', 'PF000189', '2023-07-24', '20:43:20');
INSERT INTO reservations VALUES ('PS000215', 'PF000190', '2023-08-07', '12:16:05');
INSERT INTO reservations VALUES ('PS000168', 'PF000190', '2023-07-25', '19:10:31');
INSERT INTO reservations VALUES ('PS000152', 'PF000190', '2023-07-29', '17:49:43');
INSERT INTO reservations VALUES ('PS000202', 'PF000190', '2023-08-10', '19:57:54');
INSERT INTO reservations VALUES ('PS000176', 'PF000190', '2023-08-18', '00:42:45');
INSERT INTO reservations VALUES ('PS000239', 'PF000191', '2023-07-30', '07:36:38');
INSERT INTO reservations VALUES ('PS000196', 'PF000191', '2023-08-06', '19:15:00');
INSERT INTO reservations VALUES ('PS000200', 'PF000191', '2023-07-29', '12:14:51');
INSERT INTO reservations VALUES ('PS000199', 'PF000191', '2023-08-03', '15:22:04');
INSERT INTO reservations VALUES ('PS000213', 'PF000191', '2023-07-23', '13:59:57');
INSERT INTO reservations VALUES ('PS000158', 'PF000192', '2023-07-28', '01:30:03');
INSERT INTO reservations VALUES ('PS000168', 'PF000193', '2023-07-26', '08:21:49');
INSERT INTO reservations VALUES ('PS000203', 'PF000193', '2023-07-26', '13:03:14');
INSERT INTO reservations VALUES ('PS000217', 'PF000193', '2023-08-11', '15:41:55');
INSERT INTO reservations VALUES ('PS000213', 'PF000193', '2023-08-07', '00:41:35');
INSERT INTO reservations VALUES ('PS000243', 'PF000194', '2023-07-28', '19:55:43');
INSERT INTO reservations VALUES ('PS000209', 'PF000194', '2023-07-31', '16:48:23');
INSERT INTO reservations VALUES ('PS000184', 'PF000194', '2023-07-24', '05:27:29');
INSERT INTO reservations VALUES ('PS000192', 'PF000194', '2023-08-01', '17:16:20');
INSERT INTO reservations VALUES ('PS000178', 'PF000195', '2023-07-24', '13:22:21');
INSERT INTO reservations VALUES ('PS000193', 'PF000195', '2023-07-25', '05:13:11');
INSERT INTO reservations VALUES ('PS000217', 'PF000195', '2023-08-09', '01:13:22');
INSERT INTO reservations VALUES ('PS000150', 'PF000196', '2023-08-07', '05:13:52');
INSERT INTO reservations VALUES ('PS000232', 'PF000196', '2023-08-01', '01:49:44');
INSERT INTO reservations VALUES ('PS000157', 'PF000196', '2023-08-12', '05:03:35');
INSERT INTO reservations VALUES ('PS000246', 'PF000197', '2023-07-27', '04:21:09');
INSERT INTO reservations VALUES ('PS000223', 'PF000197', '2023-08-19', '05:41:48');
INSERT INTO reservations VALUES ('PS000180', 'PF000197', '2023-08-12', '06:20:33');
INSERT INTO reservations VALUES ('PS000162', 'PF000198', '2023-08-17', '05:50:25');
INSERT INTO reservations VALUES ('PS000176', 'PF000198', '2023-08-11', '14:55:50');
INSERT INTO reservations VALUES ('PS000167', 'PF000198', '2023-08-16', '16:35:09');
INSERT INTO reservations VALUES ('PS000197', 'PF000198', '2023-08-15', '09:32:09');
INSERT INTO reservations VALUES ('PS000218', 'PF000199', '2023-08-18', '18:53:32');
INSERT INTO reservations VALUES ('PS000241', 'PF000199', '2023-08-17', '04:32:38');
INSERT INTO reservations VALUES ('PS000231', 'PF000199', '2023-08-06', '19:44:47');
INSERT INTO reservations VALUES ('PS000207', 'PF000199', '2023-08-17', '12:14:20');
INSERT INTO reservations VALUES ('PS000208', 'PF000200', '2023-07-22', '02:11:59');
INSERT INTO reservations VALUES ('PS000242', 'PF000200', '2023-07-29', '17:53:20');
INSERT INTO reservations VALUES ('PS000230', 'PF000200', '2023-08-14', '15:13:15');
INSERT INTO reservations VALUES ('PS000174', 'PF000200', '2023-08-03', '13:11:29');
INSERT INTO reservations VALUES ('PS000193', 'PF000200', '2023-08-04', '12:57:05');
INSERT INTO reservations VALUES ('PS000231', 'PF000201', '2023-08-08', '20:55:13');
INSERT INTO reservations VALUES ('PS000197', 'PF000201', '2023-07-29', '13:44:52');
INSERT INTO reservations VALUES ('PS000185', 'PF000201', '2023-07-23', '18:21:26');
INSERT INTO reservations VALUES ('PS000158', 'PF000201', '2023-08-03', '00:48:40');
INSERT INTO reservations VALUES ('PS000203', 'PF000202', '2023-07-29', '20:13:11');
INSERT INTO reservations VALUES ('PS000238', 'PF000202', '2023-07-22', '11:59:12');
INSERT INTO reservations VALUES ('PS000241', 'PF000202', '2023-08-07', '01:27:53');
INSERT INTO reservations VALUES ('PS000243', 'PF000202', '2023-08-10', '22:33:16');
INSERT INTO reservations VALUES ('PS000154', 'PF000203', '2023-08-02', '22:15:55');
INSERT INTO reservations VALUES ('PS000190', 'PF000203', '2023-08-01', '17:22:48');
INSERT INTO reservations VALUES ('PS000228', 'PF000204', '2023-07-22', '05:05:36');
INSERT INTO reservations VALUES ('PS000221', 'PF000205', '2023-08-14', '10:29:41');
INSERT INTO reservations VALUES ('PS000170', 'PF000205', '2023-07-25', '04:46:54');
INSERT INTO reservations VALUES ('PS000166', 'PF000205', '2023-08-10', '01:55:51');
INSERT INTO reservations VALUES ('PS000238', 'PF000206', '2023-07-25', '09:30:53');
INSERT INTO reservations VALUES ('PS000177', 'PF000206', '2023-08-12', '03:47:44');
INSERT INTO reservations VALUES ('PS000193', 'PF000206', '2023-08-10', '03:07:36');
INSERT INTO reservations VALUES ('PS000226', 'PF000206', '2023-08-05', '11:35:06');
INSERT INTO reservations VALUES ('PS000243', 'PF000207', '2023-07-31', '14:01:06');
INSERT INTO reservations VALUES ('PS000165', 'PF000207', '2023-07-30', '07:58:28');
INSERT INTO reservations VALUES ('PS000192', 'PF000208', '2023-07-25', '03:54:53');
INSERT INTO reservations VALUES ('PS000238', 'PF000208', '2023-08-16', '08:23:11');
INSERT INTO reservations VALUES ('PS000247', 'PF000208', '2023-08-18', '19:36:45');
INSERT INTO reservations VALUES ('PS000152', 'PF000208', '2023-08-02', '03:06:21');
INSERT INTO reservations VALUES ('PS000167', 'PF000209', '2023-07-31', '18:23:00');
INSERT INTO reservations VALUES ('PS000175', 'PF000209', '2023-07-29', '11:05:38');
INSERT INTO reservations VALUES ('PS000223', 'PF000210', '2023-07-27', '14:28:02');
INSERT INTO reservations VALUES ('PS000182', 'PF000210', '2023-08-03', '11:04:41');
INSERT INTO reservations VALUES ('PS000202', 'PF000210', '2023-08-16', '01:28:40');
INSERT INTO reservations VALUES ('PS000224', 'PF000210', '2023-07-22', '06:02:26');
INSERT INTO reservations VALUES ('PS000191', 'PF000210', '2023-08-17', '08:08:58');
INSERT INTO reservations VALUES ('PS000219', 'PF000211', '2023-07-28', '04:30:19');
INSERT INTO reservations VALUES ('PS000243', 'PF000211', '2023-08-11', '10:44:57');
INSERT INTO reservations VALUES ('PS000149', 'PF000212', '2023-08-16', '20:06:16');
INSERT INTO reservations VALUES ('PS000171', 'PF000271', '2024-08-06', '11:26:18');
INSERT INTO reservations VALUES ('PS000240', 'PF000272', '2024-07-31', '11:20:11');
INSERT INTO reservations VALUES ('PS000206', 'PF000272', '2024-07-24', '16:40:38');
INSERT INTO reservations VALUES ('PS000182', 'PF000273', '2024-08-01', '08:15:34');
INSERT INTO reservations VALUES ('PS000237', 'PF000273', '2024-08-14', '21:13:00');
INSERT INTO reservations VALUES ('PS000235', 'PF000273', '2024-07-31', '19:27:08');
INSERT INTO reservations VALUES ('PS000181', 'PF000273', '2024-07-28', '12:08:52');
INSERT INTO reservations VALUES ('PS000219', 'PF000273', '2024-08-08', '06:44:05');
INSERT INTO reservations VALUES ('PS000241', 'PF000274', '2024-08-04', '19:40:09');
INSERT INTO reservations VALUES ('PS000235', 'PF000275', '2024-08-18', '17:04:02');
INSERT INTO reservations VALUES ('PS000225', 'PF000275', '2024-08-01', '14:56:48');
INSERT INTO reservations VALUES ('PS000185', 'PF000276', '2024-08-03', '06:02:27');
INSERT INTO reservations VALUES ('PS000236', 'PF000277', '2024-07-29', '16:23:30');
INSERT INTO reservations VALUES ('PS000222', 'PF000278', '2024-07-25', '03:26:37');
INSERT INTO reservations VALUES ('PS000149', 'PF000278', '2024-08-04', '16:06:54');
INSERT INTO reservations VALUES ('PS000245', 'PF000278', '2024-07-31', '23:14:46');
INSERT INTO reservations VALUES ('PS000222', 'PF000279', '2024-07-29', '07:38:22');
INSERT INTO reservations VALUES ('PS000202', 'PF000280', '2024-07-31', '06:45:50');
INSERT INTO reservations VALUES ('PS000220', 'PF000281', '2024-08-19', '03:36:11');
INSERT INTO reservations VALUES ('PS000247', 'PF000282', '2024-07-23', '23:00:08');
INSERT INTO reservations VALUES ('PS000200', 'PF000283', '2024-08-18', '00:41:26');
INSERT INTO reservations VALUES ('PS000245', 'PF000283', '2024-08-13', '01:11:53');
INSERT INTO reservations VALUES ('PS000192', 'PF000283', '2024-08-06', '03:20:38');
INSERT INTO reservations VALUES ('PS000170', 'PF000283', '2024-07-25', '22:19:10');
INSERT INTO reservations VALUES ('PS000199', 'PF000283', '2024-07-31', '01:13:25');
INSERT INTO reservations VALUES ('PS000220', 'PF000284', '2024-08-05', '17:48:56');
INSERT INTO reservations VALUES ('PS000208', 'PF000284', '2024-07-22', '17:01:09');
INSERT INTO reservations VALUES ('PS000180', 'PF000285', '2024-08-01', '00:41:27');
INSERT INTO reservations VALUES ('PS000242', 'PF000285', '2024-07-24', '19:54:54');
INSERT INTO reservations VALUES ('PS000234', 'PF000285', '2024-07-22', '04:38:12');
INSERT INTO reservations VALUES ('PS000152', 'PF000285', '2024-07-30', '23:57:26');
INSERT INTO reservations VALUES ('PS000247', 'PF000285', '2024-08-12', '21:21:40');
INSERT INTO reservations VALUES ('PS000169', 'PF000286', '2024-07-22', '23:17:16');
INSERT INTO reservations VALUES ('PS000206', 'PF000286', '2024-07-24', '00:01:00');
INSERT INTO reservations VALUES ('PS000198', 'PF000286', '2024-08-13', '21:39:14');
INSERT INTO reservations VALUES ('PS000230', 'PF000287', '2024-07-31', '22:12:24');
INSERT INTO reservations VALUES ('PS000158', 'PF000287', '2024-08-07', '08:29:54');
INSERT INTO reservations VALUES ('PS000225', 'PF000287', '2024-07-31', '23:29:21');
INSERT INTO reservations VALUES ('PS000223', 'PF000287', '2024-07-27', '06:04:14');
INSERT INTO reservations VALUES ('PS000226', 'PF000287', '2024-08-18', '08:56:43');
INSERT INTO reservations VALUES ('PS000168', 'PF000288', '2024-08-01', '03:41:38');
INSERT INTO reservations VALUES ('PS000229', 'PF000288', '2024-08-06', '16:34:13');
INSERT INTO reservations VALUES ('PS000182', 'PF000288', '2024-08-13', '22:33:02');
INSERT INTO reservations VALUES ('PS000149', 'PF000289', '2024-08-14', '19:29:34');
INSERT INTO reservations VALUES ('PS000163', 'PF000289', '2024-07-28', '06:47:09');
INSERT INTO reservations VALUES ('PS000233', 'PF000289', '2024-08-12', '15:40:16');
INSERT INTO reservations VALUES ('PS000178', 'PF000290', '2024-08-14', '17:50:31');
INSERT INTO reservations VALUES ('PS000153', 'PF000290', '2024-08-15', '07:33:02');
INSERT INTO reservations VALUES ('PS000176', 'PF000290', '2024-08-18', '04:22:30');
INSERT INTO reservations VALUES ('PS000158', 'PF000290', '2024-07-22', '21:22:32');
INSERT INTO reservations VALUES ('PS000153', 'PF000291', '2024-08-07', '18:06:21');
INSERT INTO reservations VALUES ('PS000166', 'PF000292', '2024-08-01', '02:10:01');
INSERT INTO reservations VALUES ('PS000192', 'PF000292', '2024-08-09', '03:37:00');
INSERT INTO reservations VALUES ('PS000162', 'PF000292', '2024-08-12', '06:28:54');
INSERT INTO reservations VALUES ('PS000154', 'PF000292', '2024-07-24', '23:09:41');
INSERT INTO reservations VALUES ('PS000210', 'PF000293', '2024-07-26', '02:55:14');
INSERT INTO reservations VALUES ('PS000169', 'PF000293', '2024-07-23', '13:36:54');
INSERT INTO reservations VALUES ('PS000193', 'PF000293', '2024-08-11', '16:20:01');
INSERT INTO reservations VALUES ('PS000225', 'PF000293', '2024-08-04', '04:12:34');
INSERT INTO reservations VALUES ('PS000198', 'PF000293', '2024-07-25', '06:22:26');
INSERT INTO reservations VALUES ('PS000228', 'PF000294', '2024-08-17', '13:58:57');
INSERT INTO reservations VALUES ('PS000221', 'PF000295', '2024-08-05', '12:54:26');
INSERT INTO reservations VALUES ('PS000205', 'PF000296', '2024-08-15', '18:29:46');
INSERT INTO reservations VALUES ('PS000232', 'PF000297', '2024-08-17', '16:34:21');
INSERT INTO reservations VALUES ('PS000218', 'PF000298', '2024-08-07', '15:33:45');
INSERT INTO reservations VALUES ('PS000187', 'PF000298', '2024-07-28', '17:39:10');
INSERT INTO reservations VALUES ('PS000223', 'PF000298', '2024-08-01', '09:30:54');
INSERT INTO reservations VALUES ('PS000230', 'PF000299', '2024-08-09', '03:38:18');
INSERT INTO reservations VALUES ('PS000230', 'PF000300', '2024-08-13', '21:38:04');
INSERT INTO reservations VALUES ('PS000233', 'PF000300', '2024-07-26', '06:08:55');
INSERT INTO reservations VALUES ('PS000247', 'PF000300', '2024-07-26', '15:43:49');
INSERT INTO reservations VALUES ('PS000194', 'PF000301', '2024-07-29', '08:00:07');
INSERT INTO reservations VALUES ('PS000203', 'PF000302', '2024-08-12', '11:02:23');
INSERT INTO reservations VALUES ('PS000162', 'PF000303', '2024-08-09', '18:07:37');
INSERT INTO reservations VALUES ('PS000195', 'PF000303', '2024-08-04', '01:16:44');
INSERT INTO reservations VALUES ('PS000180', 'PF000303', '2024-08-13', '03:52:31');
INSERT INTO reservations VALUES ('PS000176', 'PF000304', '2024-07-27', '13:51:24');
INSERT INTO reservations VALUES ('PS000226', 'PF000304', '2024-08-02', '13:56:06');
INSERT INTO reservations VALUES ('PS000148', 'PF000304', '2024-08-13', '19:45:02');
INSERT INTO reservations VALUES ('PS000177', 'PF000304', '2024-07-31', '04:10:26');
INSERT INTO reservations VALUES ('PS000238', 'PF000304', '2024-08-03', '08:23:49');
INSERT INTO reservations VALUES ('PS000227', 'PF000305', '2024-08-17', '10:13:50');
INSERT INTO reservations VALUES ('PS000204', 'PF000305', '2024-07-25', '09:34:27');
INSERT INTO reservations VALUES ('PS000162', 'PF000305', '2024-08-05', '15:54:38');
INSERT INTO reservations VALUES ('PS000180', 'PF000305', '2024-07-25', '23:48:02');
INSERT INTO reservations VALUES ('PS000173', 'PF000306', '2024-08-08', '05:59:57');
INSERT INTO reservations VALUES ('PS000174', 'PF000306', '2024-08-01', '17:45:29');
INSERT INTO reservations VALUES ('PS000177', 'PF000306', '2024-08-03', '03:41:41');
INSERT INTO reservations VALUES ('PS000148', 'PF000307', '2024-07-26', '09:31:34');
INSERT INTO reservations VALUES ('PS000210', 'PF000307', '2024-08-13', '04:16:16');
INSERT INTO reservations VALUES ('PS000246', 'PF000307', '2024-07-30', '05:39:53');
INSERT INTO reservations VALUES ('PS000159', 'PF000308', '2024-08-09', '08:33:32');
INSERT INTO reservations VALUES ('PS000214', 'PF000308', '2024-08-14', '17:39:00');
INSERT INTO reservations VALUES ('PS000183', 'PF000308', '2024-07-30', '07:30:58');
INSERT INTO reservations VALUES ('PS000160', 'PF000308', '2024-07-31', '08:04:24');
INSERT INTO reservations VALUES ('PS000162', 'PF000309', '2024-07-29', '15:48:42');
INSERT INTO reservations VALUES ('PS000233', 'PF000309', '2024-07-25', '20:28:00');
INSERT INTO reservations VALUES ('PS000168', 'PF000310', '2024-08-06', '18:27:51');
INSERT INTO reservations VALUES ('PS000175', 'PF000310', '2024-08-02', '05:55:59');
INSERT INTO reservations VALUES ('PS000192', 'PF000311', '2024-07-23', '11:32:02');
INSERT INTO reservations VALUES ('PS000243', 'PF000311', '2024-08-12', '18:00:50');
INSERT INTO reservations VALUES ('PS000180', 'PF000311', '2024-08-18', '11:50:38');
INSERT INTO reservations VALUES ('PS000180', 'PF000312', '2024-07-22', '01:39:18');
INSERT INTO reservations VALUES ('PS000209', 'PF000312', '2024-07-24', '23:32:07');
INSERT INTO reservations VALUES ('PS000191', 'PF000313', '2024-08-19', '04:27:04');
INSERT INTO reservations VALUES ('PS000237', 'PF000314', '2024-08-07', '09:35:06');
INSERT INTO reservations VALUES ('PS000173', 'PF000314', '2024-08-08', '19:54:45');
INSERT INTO reservations VALUES ('PS000202', 'PF000315', '2024-08-02', '02:01:50');
INSERT INTO reservations VALUES ('PS000244', 'PF000316', '2024-08-14', '21:02:16');
INSERT INTO reservations VALUES ('PS000246', 'PF000316', '2024-08-19', '18:41:24');
INSERT INTO reservations VALUES ('PS000172', 'PF000316', '2024-07-31', '22:56:02');
INSERT INTO reservations VALUES ('PS000221', 'PF000317', '2024-07-31', '01:52:05');
INSERT INTO reservations VALUES ('PS000190', 'PF000317', '2024-08-03', '08:18:32');
INSERT INTO reservations VALUES ('PS000235', 'PF000317', '2024-07-22', '10:18:26');
INSERT INTO reservations VALUES ('PS000199', 'PF000318', '2024-08-06', '14:36:04');
INSERT INTO reservations VALUES ('PS000244', 'PF000318', '2024-08-02', '20:25:19');
INSERT INTO reservations VALUES ('PS000226', 'PF000318', '2024-08-16', '08:34:32');
INSERT INTO reservations VALUES ('PS000176', 'PF000319', '2024-08-06', '06:29:43');
INSERT INTO reservations VALUES ('PS000226', 'PF000319', '2024-08-18', '13:54:27');
INSERT INTO reservations VALUES ('PS000208', 'PF000319', '2024-08-14', '20:17:26');
INSERT INTO reservations VALUES ('PS000192', 'PF000319', '2024-07-22', '03:06:26');
-- INSERT INTO reservations VALUES ('PS', 'PF', '', '');


/* Join tables */

INSERT INTO households VALUES ('PS000006', 'PS000017');
INSERT INTO households VALUES ('PS000016', 'PS000018');
INSERT INTO households VALUES ('PS000016', 'PS000019');
INSERT INTO households VALUES ('PS000005', 'PS000020');
INSERT INTO households VALUES ('PS000031', 'PS000037');
INSERT INTO households VALUES ('PS000021', 'PS000038');
INSERT INTO households VALUES ('PS000035', 'PS000039');
INSERT INTO households VALUES ('PS000035', 'PS000040');
INSERT INTO households VALUES ('PS000035', 'PS000041');
INSERT INTO households VALUES ('PS000050', 'PS000057');
INSERT INTO households VALUES ('PS000055', 'PS000058');
INSERT INTO households VALUES ('PS000055', 'PS000059');
INSERT INTO households VALUES ('PS000061', 'PS000075');
INSERT INTO households VALUES ('PS000061', 'PS000076');
INSERT INTO households VALUES ('PS000061', 'PS000077');
INSERT INTO households VALUES ('PS000074', 'PS000078');
INSERT INTO households VALUES ('PS000079', 'PS000094');
INSERT INTO households VALUES ('PS000102', 'PS000110');
INSERT INTO households VALUES ('PS000102', 'PS000111');
INSERT INTO households VALUES ('PS000108', 'PS000112');
INSERT INTO households VALUES ('PS000108', 'PS000113');
INSERT INTO households VALUES ('PS000098', 'PS000114');
INSERT INTO households VALUES ('PS000098', 'PS000115');
INSERT INTO households VALUES ('PS000098', 'PS000116');
-- INSERT INTO households VALUES ('PS', 'PS');

INSERT INTO persons_groups VALUES ('PS000001', 'GP001');
INSERT INTO persons_groups VALUES ('PS000002', 'GP001');
INSERT INTO persons_groups VALUES ('PS000003', 'GP001');
INSERT INTO persons_groups VALUES ('PS000004', 'GP001');
INSERT INTO persons_groups VALUES ('PS000005', 'GP001');
INSERT INTO persons_groups VALUES ('PS000006', 'GP001');
INSERT INTO persons_groups VALUES ('PS000007', 'GP001');
INSERT INTO persons_groups VALUES ('PS000008', 'GP001');
INSERT INTO persons_groups VALUES ('PS000009', 'GP001');
INSERT INTO persons_groups VALUES ('PS000010', 'GP001');
INSERT INTO persons_groups VALUES ('PS000011', 'GP001');
INSERT INTO persons_groups VALUES ('PS000012', 'GP001');
INSERT INTO persons_groups VALUES ('PS000013', 'GP001');
INSERT INTO persons_groups VALUES ('PS000014', 'GP001');
INSERT INTO persons_groups VALUES ('PS000015', 'GP001');
INSERT INTO persons_groups VALUES ('PS000016', 'GP001');
INSERT INTO persons_groups VALUES ('PS000017', 'GP001');
INSERT INTO persons_groups VALUES ('PS000018', 'GP001');
INSERT INTO persons_groups VALUES ('PS000019', 'GP001');
INSERT INTO persons_groups VALUES ('PS000020', 'GP001');
INSERT INTO persons_groups VALUES ('PS000021', 'GP002');
INSERT INTO persons_groups VALUES ('PS000022', 'GP002');
INSERT INTO persons_groups VALUES ('PS000023', 'GP002');
INSERT INTO persons_groups VALUES ('PS000024', 'GP002');
INSERT INTO persons_groups VALUES ('PS000025', 'GP002');
INSERT INTO persons_groups VALUES ('PS000026', 'GP002');
INSERT INTO persons_groups VALUES ('PS000027', 'GP002');
INSERT INTO persons_groups VALUES ('PS000028', 'GP002');
INSERT INTO persons_groups VALUES ('PS000029', 'GP002');
INSERT INTO persons_groups VALUES ('PS000030', 'GP002');
INSERT INTO persons_groups VALUES ('PS000031', 'GP002');
INSERT INTO persons_groups VALUES ('PS000032', 'GP002');
INSERT INTO persons_groups VALUES ('PS000033', 'GP002');
INSERT INTO persons_groups VALUES ('PS000034', 'GP002');
INSERT INTO persons_groups VALUES ('PS000035', 'GP002');
INSERT INTO persons_groups VALUES ('PS000036', 'GP002');
INSERT INTO persons_groups VALUES ('PS000037', 'GP002');
INSERT INTO persons_groups VALUES ('PS000038', 'GP002');
INSERT INTO persons_groups VALUES ('PS000039', 'GP002');
INSERT INTO persons_groups VALUES ('PS000040', 'GP002');
INSERT INTO persons_groups VALUES ('PS000041', 'GP002');
INSERT INTO persons_groups VALUES ('PS000042', 'GP003');
INSERT INTO persons_groups VALUES ('PS000043', 'GP003');
INSERT INTO persons_groups VALUES ('PS000044', 'GP003');
INSERT INTO persons_groups VALUES ('PS000045', 'GP003');
INSERT INTO persons_groups VALUES ('PS000046', 'GP003');
INSERT INTO persons_groups VALUES ('PS000047', 'GP003');
INSERT INTO persons_groups VALUES ('PS000048', 'GP003');
INSERT INTO persons_groups VALUES ('PS000049', 'GP003');
INSERT INTO persons_groups VALUES ('PS000050', 'GP003');
INSERT INTO persons_groups VALUES ('PS000051', 'GP003');
INSERT INTO persons_groups VALUES ('PS000052', 'GP003');
INSERT INTO persons_groups VALUES ('PS000053', 'GP003');
INSERT INTO persons_groups VALUES ('PS000054', 'GP003');
INSERT INTO persons_groups VALUES ('PS000055', 'GP003');
INSERT INTO persons_groups VALUES ('PS000056', 'GP003');
INSERT INTO persons_groups VALUES ('PS000057', 'GP003');
INSERT INTO persons_groups VALUES ('PS000058', 'GP003');
INSERT INTO persons_groups VALUES ('PS000059', 'GP003');
INSERT INTO persons_groups VALUES ('PS000060', 'GP004');
INSERT INTO persons_groups VALUES ('PS000061', 'GP004');
INSERT INTO persons_groups VALUES ('PS000062', 'GP004');
INSERT INTO persons_groups VALUES ('PS000063', 'GP004');
INSERT INTO persons_groups VALUES ('PS000064', 'GP004');
INSERT INTO persons_groups VALUES ('PS000065', 'GP004');
INSERT INTO persons_groups VALUES ('PS000066', 'GP004');
INSERT INTO persons_groups VALUES ('PS000067', 'GP004');
INSERT INTO persons_groups VALUES ('PS000068', 'GP004');
INSERT INTO persons_groups VALUES ('PS000069', 'GP004');
INSERT INTO persons_groups VALUES ('PS000070', 'GP004');
INSERT INTO persons_groups VALUES ('PS000071', 'GP004');
INSERT INTO persons_groups VALUES ('PS000072', 'GP004');
INSERT INTO persons_groups VALUES ('PS000073', 'GP004');
INSERT INTO persons_groups VALUES ('PS000074', 'GP004');
INSERT INTO persons_groups VALUES ('PS000075', 'GP004');
INSERT INTO persons_groups VALUES ('PS000076', 'GP004');
INSERT INTO persons_groups VALUES ('PS000077', 'GP004');
INSERT INTO persons_groups VALUES ('PS000078', 'GP004');
INSERT INTO persons_groups VALUES ('PS000079', 'GP005');
INSERT INTO persons_groups VALUES ('PS000080', 'GP005');
INSERT INTO persons_groups VALUES ('PS000081', 'GP005');
INSERT INTO persons_groups VALUES ('PS000082', 'GP005');
INSERT INTO persons_groups VALUES ('PS000083', 'GP005');
INSERT INTO persons_groups VALUES ('PS000084', 'GP005');
INSERT INTO persons_groups VALUES ('PS000085', 'GP005');
INSERT INTO persons_groups VALUES ('PS000086', 'GP005');
INSERT INTO persons_groups VALUES ('PS000087', 'GP005');
INSERT INTO persons_groups VALUES ('PS000088', 'GP005');
INSERT INTO persons_groups VALUES ('PS000089', 'GP005');
INSERT INTO persons_groups VALUES ('PS000090', 'GP005');
INSERT INTO persons_groups VALUES ('PS000091', 'GP005');
INSERT INTO persons_groups VALUES ('PS000092', 'GP005');
INSERT INTO persons_groups VALUES ('PS000093', 'GP005');
INSERT INTO persons_groups VALUES ('PS000094', 'GP005');
INSERT INTO persons_groups VALUES ('PS000095', 'GP006');
INSERT INTO persons_groups VALUES ('PS000096', 'GP006');
INSERT INTO persons_groups VALUES ('PS000097', 'GP006');
INSERT INTO persons_groups VALUES ('PS000098', 'GP006');
INSERT INTO persons_groups VALUES ('PS000099', 'GP006');
INSERT INTO persons_groups VALUES ('PS000100', 'GP006');
INSERT INTO persons_groups VALUES ('PS000101', 'GP006');
INSERT INTO persons_groups VALUES ('PS000102', 'GP006');
INSERT INTO persons_groups VALUES ('PS000103', 'GP006');
INSERT INTO persons_groups VALUES ('PS000104', 'GP006');
INSERT INTO persons_groups VALUES ('PS000105', 'GP006');
INSERT INTO persons_groups VALUES ('PS000106', 'GP006');
INSERT INTO persons_groups VALUES ('PS000107', 'GP006');
INSERT INTO persons_groups VALUES ('PS000108', 'GP006');
INSERT INTO persons_groups VALUES ('PS000109', 'GP006');
INSERT INTO persons_groups VALUES ('PS000110', 'GP006');
INSERT INTO persons_groups VALUES ('PS000111', 'GP006');
INSERT INTO persons_groups VALUES ('PS000112', 'GP006');
INSERT INTO persons_groups VALUES ('PS000113', 'GP006');
INSERT INTO persons_groups VALUES ('PS000114', 'GP006');
INSERT INTO persons_groups VALUES ('PS000115', 'GP006');
INSERT INTO persons_groups VALUES ('PS000116', 'GP006');
INSERT INTO persons_groups VALUES ('PS000117', 'GP007');
INSERT INTO persons_groups VALUES ('PS000118', 'GP007');
INSERT INTO persons_groups VALUES ('PS000119', 'GP007');
INSERT INTO persons_groups VALUES ('PS000120', 'GP007');
INSERT INTO persons_groups VALUES ('PS000121', 'GP007');
INSERT INTO persons_groups VALUES ('PS000122', 'GP007');
INSERT INTO persons_groups VALUES ('PS000123', 'GP007');
INSERT INTO persons_groups VALUES ('PS000124', 'GP007');
INSERT INTO persons_groups VALUES ('PS000125', 'GP007');
INSERT INTO persons_groups VALUES ('PS000126', 'GP007');
INSERT INTO persons_groups VALUES ('PS000127', 'GP007');
INSERT INTO persons_groups VALUES ('PS000128', 'GP007');
INSERT INTO persons_groups VALUES ('PS000129', 'GP007');
INSERT INTO persons_groups VALUES ('PS000130', 'GP007');
INSERT INTO persons_groups VALUES ('PS000131', 'GP007');
INSERT INTO persons_groups VALUES ('PS000132', 'GP008');
INSERT INTO persons_groups VALUES ('PS000133', 'GP008');
INSERT INTO persons_groups VALUES ('PS000134', 'GP008');
INSERT INTO persons_groups VALUES ('PS000135', 'GP008');
INSERT INTO persons_groups VALUES ('PS000136', 'GP008');
INSERT INTO persons_groups VALUES ('PS000137', 'GP008');
INSERT INTO persons_groups VALUES ('PS000138', 'GP008');
INSERT INTO persons_groups VALUES ('PS000139', 'GP008');
INSERT INTO persons_groups VALUES ('PS000140', 'GP008');
INSERT INTO persons_groups VALUES ('PS000141', 'GP008');
INSERT INTO persons_groups VALUES ('PS000142', 'GP008');
INSERT INTO persons_groups VALUES ('PS000143', 'GP008');
INSERT INTO persons_groups VALUES ('PS000144', 'GP008');
INSERT INTO persons_groups VALUES ('PS000145', 'GP008');
INSERT INTO persons_groups VALUES ('PS000146', 'GP008');
INSERT INTO persons_groups VALUES ('PS000147', 'GP008');
INSERT INTO persons_groups VALUES ('PS000111', 'GP003');
INSERT INTO persons_groups VALUES ('PS000111', 'GP001');
INSERT INTO persons_groups VALUES ('PS000071', 'GP006');
INSERT INTO persons_groups VALUES ('PS000071', 'GP003');
INSERT INTO persons_groups VALUES ('PS000095', 'GP007');
INSERT INTO persons_groups VALUES ('PS000105', 'GP007');
INSERT INTO persons_groups VALUES ('PS000105', 'GP003');
INSERT INTO persons_groups VALUES ('PS000104', 'GP004');
INSERT INTO persons_groups VALUES ('PS000119', 'GP003');
INSERT INTO persons_groups VALUES ('PS000014', 'GP006');
INSERT INTO persons_groups VALUES ('PS000026', 'GP003');
INSERT INTO persons_groups VALUES ('PS000121', 'GP006');
INSERT INTO persons_groups VALUES ('PS000001', 'GP004');
INSERT INTO persons_groups VALUES ('PS000001', 'GP008');
INSERT INTO persons_groups VALUES ('PS000011', 'GP007');
INSERT INTO persons_groups VALUES ('PS000036', 'GP006');
INSERT INTO persons_groups VALUES ('PS000131', 'GP004');
INSERT INTO persons_groups VALUES ('PS000092', 'GP008');
INSERT INTO persons_groups VALUES ('PS000092', 'GP003');
INSERT INTO persons_groups VALUES ('PS000070', 'GP008');
INSERT INTO persons_groups VALUES ('PS000132', 'GP007');
INSERT INTO persons_groups VALUES ('PS000132', 'GP005');
INSERT INTO persons_groups VALUES ('PS000122', 'GP008');
INSERT INTO persons_groups VALUES ('PS000143', 'GP003');
INSERT INTO persons_groups VALUES ('PS000143', 'GP002');
INSERT INTO persons_groups VALUES ('PS000090', 'GP007');
INSERT INTO persons_groups VALUES ('PS000032', 'GP007');
INSERT INTO persons_groups VALUES ('PS000141', 'GP002');
INSERT INTO persons_groups VALUES ('PS000080', 'GP002');
INSERT INTO persons_groups VALUES ('PS000140', 'GP001');
INSERT INTO persons_groups VALUES ('PS000140', 'GP004');
INSERT INTO persons_groups VALUES ('PS000072', 'GP005');
-- INSERT INTO persons_groups VALUES ('PS', 'GP');
